drift_per_month,seed,dgp_seed,month,pAUC,positives,rows
0.0,0,0,0,0.6112965281713363,4223,419898
0.0,0,0,1,0.5995950998743669,4288,419819
0.0,0,0,2,0.6147142339272782,4277,420263
0.0,0,0,3,0.6044649562842525,4169,420895
0.0,0,0,4,0.5975161472542043,4302,419428
0.0,0,0,5,0.6150186488809235,4191,420608
0.0,0,0,6,0.6047912167565406,4131,420055
0.0,0,0,7,0.6081294771562484,4126,419369
0.0,0,0,8,0.6116116465769932,4176,419287
0.0,0,0,9,0.6069470697658121,4177,419187
0.0,0,0,10,0.6036215324793923,4142,419078
0.0,0,0,11,0.6075034480634834,4155,420246
0.0,0,0,12,0.6010192147810601,4329,420000
0.0,1,0,0,0.6081496206831675,4122,419897
0.0,1,0,1,0.6023740512876988,4206,420141
0.0,1,0,2,0.6168237492146916,4253,420217
0.0,1,0,3,0.6118660623310379,4257,419080
0.0,1,0,4,0.6089284276497827,4210,420497
0.0,1,0,5,0.6046563190067348,4121,419228
0.0,1,0,6,0.6105427841062302,4214,420142
0.0,1,0,7,0.5965845951088345,4458,419770
0.0,1,0,8,0.6145098813112444,4255,418434
0.0,1,0,9,0.6134186681360366,4169,420555
0.0,1,0,10,0.6091711423238847,4303,420398
0.0,1,0,11,0.609257891932348,4055,419865
0.0,1,0,12,0.6068450594601099,4205,420000
0.0,2,0,0,0.6142560821100461,3990,420754
0.0,2,0,1,0.6026677091358599,4181,420769
0.0,2,0,2,0.6095388895691941,4301,419896
0.0,2,0,3,0.6245118320382672,4179,420134
0.0,2,0,4,0.6115062084152161,4153,419620
0.0,2,0,5,0.6032859021543431,4284,420750
0.0,2,0,6,0.6080582262148854,4135,419239
0.0,2,0,7,0.6051487833929311,4165,419922
0.0,2,0,8,0.6100094043233966,4212,419647
0.0,2,0,9,0.6203273251753966,4104,419569
0.0,2,0,10,0.607094145595686,4166,420026
0.0,2,0,11,0.6026852593858295,4221,420490
0.0,2,0,12,0.614564797526302,4112,420000
0.0,3,0,0,0.6148417599647343,4262,420041
0.0,3,0,1,0.6075972676277076,4274,421305
0.0,3,0,2,0.6009524014995418,4088,418707
0.0,3,0,3,0.6115860526319733,4079,419699
0.0,3,0,4,0.6186760943826872,4161,419640
0.0,3,0,5,0.610273535946558,4212,419243
0.0,3,0,6,0.6073072902348614,4207,419457
0.0,3,0,7,0.6118071426403385,4235,419737
0.0,3,0,8,0.6052824113692095,4328,419869
0.0,3,0,9,0.6167296040784931,4039,420598
0.0,3,0,10,0.6081638740532855,4311,420996
0.0,3,0,11,0.6109227539516761,4218,420275
0.0,3,0,12,0.5942145500855203,4377,420000
0.0,4,0,0,0.6043644532050638,4237,419559
0.0,4,0,1,0.6117765416449911,4265,420189
0.0,4,0,2,0.6064844783640191,4430,420198
0.0,4,0,3,0.6031183057260224,4243,420081
0.0,4,0,4,0.6062749392175711,4109,420742
0.0,4,0,5,0.6070124184149637,4122,419794
0.0,4,0,6,0.6170379291538733,4331,419690
0.0,4,0,7,0.606282288881059,4165,420708
0.0,4,0,8,0.6137811862885926,4210,419230
0.0,4,0,9,0.6095191256056568,4221,419176
0.0,4,0,10,0.6006384535659774,4192,420874
0.0,4,0,11,0.6045257380842164,4180,420064
0.0,4,0,12,0.5978778632809661,4113,420000
0.01,0,0,0,0.6105839439545416,4245,419898
0.01,0,0,1,0.5973516380604666,4265,419819
0.01,0,0,2,0.6134890846153224,4279,420263
0.01,0,0,3,0.6017519343297184,4248,420895
0.01,0,0,4,0.5896698151280021,4288,419428
0.01,0,0,5,0.6093588817227841,4218,420608
0.01,0,0,6,0.5940948527081267,4213,420055
0.01,0,0,7,0.5996581726077662,4085,419369
0.01,0,0,8,0.6063322081921078,4148,419287
0.01,0,0,9,0.5905505975210423,4153,419187
0.01,0,0,10,0.5911532770474627,4137,419078
0.01,0,0,11,0.5898932616879576,4177,420246
0.01,0,0,12,0.5846882700579954,4316,420000
0.01,1,0,0,0.6073603421424436,4140,419897
0.01,1,0,1,0.6007868150457235,4202,420141
0.01,1,0,2,0.6132965199301358,4254,420217
0.01,1,0,3,0.6049836590145932,4274,419080
0.01,1,0,4,0.6023949768484719,4162,420497
0.01,1,0,5,0.597237328650966,4126,419228
0.01,1,0,6,0.6035161541312833,4239,420142
0.01,1,0,7,0.5917580958543931,4420,419770
0.01,1,0,8,0.6061476728103219,4291,418434
0.01,1,0,9,0.6036347642049436,4149,420555
0.01,1,0,10,0.5886730271663944,4268,420398
0.01,1,0,11,0.5899882957850487,4025,419865
0.01,1,0,12,0.5862710476055908,4184,420000
0.01,2,0,0,0.6146673217424683,4011,420754
0.01,2,0,1,0.5983643900867642,4189,420769
0.01,2,0,2,0.6029593241177007,4313,419896
0.01,2,0,3,0.6198945029922133,4207,420134
0.01,2,0,4,0.606369027787314,4172,419620
0.01,2,0,5,0.5938087942059954,4318,420750
0.01,2,0,6,0.5977391013819385,4101,419239
0.01,2,0,7,0.5953864997776009,4166,419922
0.01,2,0,8,0.5979297575089451,4262,419647
0.01,2,0,9,0.6047265008490216,4093,419569
0.01,2,0,10,0.5869132554137476,4220,420026
0.01,2,0,11,0.5837180503988079,4194,420490
0.01,2,0,12,0.590817580857258,4131,420000
0.01,3,0,0,0.6113037094593935,4258,420041
0.01,3,0,1,0.6008733225697716,4259,421305
0.01,3,0,2,0.6004027979004897,4124,418707
0.01,3,0,3,0.6032014314413615,4084,419699
0.01,3,0,4,0.606455730925751,4236,419640
0.01,3,0,5,0.6002827798529895,4253,419243
0.01,3,0,6,0.6027539246193513,4285,419457
0.01,3,0,7,0.5973874185628251,4259,419737
0.01,3,0,8,0.5955487221569417,4317,419869
0.01,3,0,9,0.5947668649115201,4064,420598
0.01,3,0,10,0.5923371445391312,4309,420996
0.01,3,0,11,0.5837405673241781,4181,420275
0.01,3,0,12,0.5739283861083453,4333,420000
0.01,4,0,0,0.5972675090927368,4189,419559
0.01,4,0,1,0.6103430846046396,4268,420189
0.01,4,0,2,0.6058113521617461,4418,420198
0.01,4,0,3,0.6019761468254811,4281,420081
0.01,4,0,4,0.5993732786738152,4137,420742
0.01,4,0,5,0.5975443026045807,4092,419794
0.01,4,0,6,0.6111928292059474,4311,419690
0.01,4,0,7,0.6024760754050154,4181,420708
0.01,4,0,8,0.5983486066636865,4147,419230
0.01,4,0,9,0.5921402609519686,4232,419176
0.01,4,0,10,0.5823164143773293,4170,420874
0.01,4,0,11,0.5947538241409631,4245,420064
0.01,4,0,12,0.5781751264278783,4079,420000
0.02,0,0,0,0.6064358590193338,4246,419898
0.02,0,0,1,0.5915682631029066,4250,419819
0.02,0,0,2,0.6021336940274986,4275,420263
0.02,0,0,3,0.589918154110079,4231,420895
0.02,0,0,4,0.5794152598116811,4302,419428
0.02,0,0,5,0.591103226714571,4231,420608
0.02,0,0,6,0.5726063754010879,4243,420055
0.02,0,0,7,0.5679880929910033,4042,419369
0.02,0,0,8,0.5842874143704416,4108,419287
0.02,0,0,9,0.55146755597871,4193,419187
0.02,0,0,10,0.5443262021524369,4123,419078
0.02,0,0,11,0.5370303279547325,4182,420246
0.02,0,0,12,0.526537421241942,4417,420000
0.02,1,0,0,0.6042056434307943,4137,419897
0.02,1,0,1,0.5945602130982034,4194,420141
0.02,1,0,2,0.601332083497815,4256,420217
0.02,1,0,3,0.5940809072096359,4284,419080
0.02,1,0,4,0.5840414630355985,4113,420497
0.02,1,0,5,0.5781867977372609,4131,419228
0.02,1,0,6,0.576687710528667,4219,420142
0.02,1,0,7,0.5676466163441829,4369,419770
0.02,1,0,8,0.5733935527551731,4259,418434
0.02,1,0,9,0.5648442807013395,4178,420555
0.02,1,0,10,0.5432114310047473,4261,420398
0.02,1,0,11,0.5370209752111696,4064,419865
0.02,1,0,12,0.5235596121385081,4187,420000
0.02,2,0,0,0.6104851433440908,4049,420754
0.02,2,0,1,0.5930128801291209,4211,420769
0.02,2,0,2,0.5956903779525017,4332,419896
0.02,2,0,3,0.6105370581642275,4183,420134
0.02,2,0,4,0.5942596641188035,4147,419620
0.02,2,0,5,0.5772512706069804,4289,420750
0.02,2,0,6,0.5807362842431341,4135,419239
0.02,2,0,7,0.5711111510970105,4147,419922
0.02,2,0,8,0.5715239733070082,4306,419647
0.02,2,0,9,0.56672166356939,4082,419569
0.02,2,0,10,0.5470375022763055,4195,420026
0.02,2,0,11,0.5340528391126113,4150,420490
0.02,2,0,12,0.5357502206872842,4144,420000
0.02,3,0,0,0.6072802839956217,4261,420041
0.02,3,0,1,0.5987058134429585,4275,421305
0.02,3,0,2,0.5900169970867108,4151,418707
0.02,3,0,3,0.5884352880959798,4057,419699
0.02,3,0,4,0.5944671653107048,4260,419640
0.02,3,0,5,0.5831868387164966,4246,419243
0.02,3,0,6,0.5747780058939183,4290,419457
0.02,3,0,7,0.5726638519652368,4240,419737
0.02,3,0,8,0.5654066105888957,4350,419869
0.02,3,0,9,0.5611177964666018,4087,420598
0.02,3,0,10,0.545898462036954,4313,420996
0.02,3,0,11,0.531484417365338,4128,420275
0.02,3,0,12,0.5113478306171089,4292,420000
0.02,4,0,0,0.5934552311290947,4164,419559
0.02,4,0,1,0.6119276403228283,4272,420189
0.02,4,0,2,0.5973075947245773,4378,420198
0.02,4,0,3,0.5952146258779438,4246,420081
0.02,4,0,4,0.5833558889316623,4171,420742
0.02,4,0,5,0.5802246646932641,4127,419794
0.02,4,0,6,0.5890628903941858,4335,419690
0.02,4,0,7,0.5729937967947505,4182,420708
0.02,4,0,8,0.567773044897375,4124,419230
0.02,4,0,9,0.5458214752372212,4213,419176
0.02,4,0,10,0.5414911665150004,4206,420874
0.02,4,0,11,0.5465720901559655,4283,420064
0.02,4,0,12,0.5232046925522129,4125,420000
0.04,0,0,0,0.6001967645836881,4258,419898
0.04,0,0,1,0.5786793500210754,4248,419819
0.04,0,0,2,0.5667191926129007,4281,420263
0.04,0,0,3,0.5517552331238418,4226,420895
0.04,0,0,4,0.5334453354977917,4313,419428
0.04,0,0,5,0.5230694437193267,4340,420608
0.04,0,0,6,0.4917213226099565,4218,420055
0.04,0,0,7,0.46317517577552014,3979,419369
0.04,0,0,8,0.45411852649097006,4111,419287
0.04,0,0,9,0.4153516766210888,4133,419187
0.04,0,0,10,0.3913081003880515,4096,419078
0.04,0,0,11,0.36133873026022295,4168,420246
0.04,0,0,12,0.3355036978814105,4300,420000
0.04,1,0,0,0.5927623207729782,4145,419897
0.04,1,0,1,0.5752342027759516,4221,420141
0.04,1,0,2,0.5681944135767265,4243,420217
0.04,1,0,3,0.5491607525863046,4264,419080
0.04,1,0,4,0.5290938318981092,4098,420497
0.04,1,0,5,0.5037459432409258,4077,419228
0.04,1,0,6,0.49122230420309676,4283,420142
0.04,1,0,7,0.47218340226037664,4311,419770
0.04,1,0,8,0.447533134431267,4185,418434
0.04,1,0,9,0.42283212081508026,4227,420555
0.04,1,0,10,0.3900073363030268,4269,420398
0.04,1,0,11,0.36810921938671226,4134,419865
0.04,1,0,12,0.33117284659759727,4194,420000
0.04,2,0,0,0.5987895055213112,4059,420754
0.04,2,0,1,0.5764982600901093,4187,420769
0.04,2,0,2,0.5649480789033908,4297,419896
0.04,2,0,3,0.562204745045626,4206,420134
0.04,2,0,4,0.5370145062482089,4103,419620
0.04,2,0,5,0.5020343333064339,4264,420750
0.04,2,0,6,0.4946178725028392,4141,419239
0.04,2,0,7,0.4558603518231014,4165,419922
0.04,2,0,8,0.43803912079150414,4332,419647
0.04,2,0,9,0.4199691546162918,3971,419569
0.04,2,0,10,0.3754499045564841,4178,420026
0.04,2,0,11,0.35336986195300435,4213,420490
0.04,2,0,12,0.33861939747300007,4128,420000
0.04,3,0,0,0.5946857124765123,4300,420041
0.04,3,0,1,0.5770906095313963,4328,421305
0.04,3,0,2,0.5639651517732659,4208,418707
0.04,3,0,3,0.5488927130972044,4029,419699
0.04,3,0,4,0.5402956901009307,4297,419640
0.04,3,0,5,0.5167720632398661,4232,419243
0.04,3,0,6,0.4867111567945481,4317,419457
0.04,3,0,7,0.46857455440817164,4272,419737
0.04,3,0,8,0.4415768864988695,4287,419869
0.04,3,0,9,0.4158039949028732,4091,420598
0.04,3,0,10,0.38598058143527686,4288,420996
0.04,3,0,11,0.34462641729754206,4088,420275
0.04,3,0,12,0.3185716854486544,4270,420000
0.04,4,0,0,0.5890324828564532,4165,419559
0.04,4,0,1,0.5864852578210633,4271,420189
0.04,4,0,2,0.563124435960754,4380,420198
0.04,4,0,3,0.5562519268794429,4252,420081
0.04,4,0,4,0.5300621836895976,4226,420742
0.04,4,0,5,0.5100954200506633,4099,419794
0.04,4,0,6,0.4943754200241233,4400,419690
0.04,4,0,7,0.4681500232748771,4264,420708
0.04,4,0,8,0.4380627178757502,4185,419230
0.04,4,0,9,0.3977361297412312,4185,419176
0.04,4,0,10,0.38363945941808764,4261,420874
0.04,4,0,11,0.3662997671537711,4311,420064
0.04,4,0,12,0.32528548734884183,4063,420000
