scenario_id,period,seed,dgp_seed,holdout_valid_pAUC,method,observed_valid_pAUC,oracle_valid_pAUC,positives,rows,test_pAUC,valid_pAUC,weighted_valid_pAUC,selected_endpoint,selector_delta,current_oracle_validation_delta,current_oracle_endpoint,matches_current_oracle,selector_history_months,selector_history_count
high_trigger_low_holdout,early,0,0,0.5770732535438419,R0_benchmark,0.6094242553619523,0.6131184493110311,25232,782192,0.6015152363975725,0.6131184493110311,0.6046383009866431,,,,,,,
high_trigger_low_holdout,early,0,0,0.5578473813767931,R1_holdout_only,0.5549241328788573,0.5600449139338389,520,16120,0.5510084205288753,0.5578473813767931,0.561887909533268,,,,,,,
high_trigger_low_holdout,early,0,0,0.5784253095177465,R2_unflagged_only,0.609112717987457,0.6131384351674842,24363,755253,0.6007833599261173,0.5784253095177465,0.6054205863365028,,,,,,,
high_trigger_low_holdout,early,0,0,0.580450361962967,R3_drop_unweighted,0.6089996992139447,0.6131523817564287,24382,755842,0.6006681113819023,0.580450361962967,0.6023317693435507,,,,,,,
high_trigger_low_holdout,early,0,0,0.5849551941988917,R4_ipw_pure,0.6105413971747511,0.614909649062719,24382,755842,0.6013886973219669,0.5849551941988917,0.6061114031955108,,,,,,,
high_trigger_low_holdout,early,0,0,0.5811112323717367,R6_no_retrain,0.6086685212750712,0.6112805888210403,24906,772086,0.5980815040457884,0.5811112323717367,0.5998387008411868,,,,,,,
high_trigger_low_holdout,early,0,0,0.5807171353389841,R7_incremental,0.608650603495765,0.6111232603910971,3565,110515,0.598027385341321,0.5807171353389841,0.5995354208839012,,,,,,,
high_trigger_low_holdout,early,0,0,0.5849551941988917,R5_asymmetric,0.6105413971747511,0.614909649062719,24382,755842,0.6013886973219669,0.5849551941988917,0.6061114031955108,R4_ipw_pure,0.003779633851960118,0.0017572673062903332,R4_ipw_pure,True,1,1.0
high_trigger_low_holdout,early,1,0,0.6108260019550341,R0_benchmark,0.6094760108425082,0.6085614129762654,25384,786904,0.5985710809672221,0.6085614129762654,0.6320226573023033,,,,,,,
high_trigger_low_holdout,early,1,0,0.5913796510055948,R1_holdout_only,0.5407784112432471,0.5417861168465701,503,15593,0.5357560184345537,0.5913796510055948,0.5650009106312934,,,,,,,
high_trigger_low_holdout,early,1,0,0.6212277198893534,R2_unflagged_only,0.6088830397406275,0.6088392888985863,24587,762197,0.601100088068123,0.6212277198893534,0.632418958485241,,,,,,,
high_trigger_low_holdout,early,1,0,0.617964996568291,R3_drop_unweighted,0.6099821197536058,0.6096365679330066,24601,762631,0.5999874710421277,0.617964996568291,0.6357612530200241,,,,,,,
high_trigger_low_holdout,early,1,0,0.6184199579875627,R4_ipw_pure,0.6092072673415219,0.6081825490144065,24601,762631,0.6015860744055926,0.6184199579875627,0.6360563793123533,,,,,,,
high_trigger_low_holdout,early,1,0,0.6195859591106674,R6_no_retrain,0.6050366204279918,0.6053212125253771,25205,781355,0.5977049602970289,0.6195859591106674,0.6339399188357343,,,,,,,
high_trigger_low_holdout,early,1,0,0.6187410307605915,R7_incremental,0.605263701718359,0.6055787951165299,3475,107725,0.5980474589344233,0.6187410307605915,0.6340143553876882,,,,,,,
high_trigger_low_holdout,early,1,0,0.6184199579875627,R5_asymmetric,0.6092072673415219,0.6081825490144065,24601,762631,0.6015860744055926,0.6184199579875627,0.6360563793123533,R4_ipw_pure,0.0002951262923291953,-0.0014540189186000863,R3_drop_unweighted,False,1,1.0
high_trigger_low_holdout,early,2,0,0.5761616443524483,R0_benchmark,0.6089822260417002,0.6109076737360395,25347,785757,0.5977561532812781,0.6109076737360395,0.5918705406911929,,,,,,,
high_trigger_low_holdout,early,2,0,0.5104981484496335,R1_holdout_only,0.5468150319658175,0.5482210980453944,474,14694,0.5483416493433576,0.5104981484496335,0.5325214405160057,,,,,,,
high_trigger_low_holdout,early,2,0,0.5818093251983988,R2_unflagged_only,0.6061742779580428,0.6081541996665021,24534,760554,0.5988846943405784,0.5818093251983988,0.5878333560849088,,,,,,,
high_trigger_low_holdout,early,2,0,0.5889894126980436,R3_drop_unweighted,0.6070369735278054,0.6097172517485103,24554,761174,0.5958852419319811,0.5889894126980436,0.5920163356312425,,,,,,,
high_trigger_low_holdout,early,2,0,0.5816865776165262,R4_ipw_pure,0.6064411443441384,0.6079964254292218,24554,761174,0.5980129696758885,0.5816865776165262,0.5912699076286033,,,,,,,
high_trigger_low_holdout,early,2,0,0.5814152408565972,R6_no_retrain,0.606280712885919,0.607401335831016,25424,788144,0.5951564451990881,0.5814152408565972,0.5903839243055081,,,,,,,
high_trigger_low_holdout,early,2,0,0.5800495124982882,R7_incremental,0.6063272600957368,0.6075592500302346,3484,108004,0.5949524131695768,0.5800495124982882,0.5905877442950425,,,,,,,
high_trigger_low_holdout,early,2,0,0.5889894126980436,R5_asymmetric,0.6070369735278054,0.6097172517485103,24554,761174,0.5958852419319811,0.5889894126980436,0.5920163356312425,R3_drop_unweighted,-0.0007464280026391323,-0.0017208263192884932,R3_drop_unweighted,True,1,1.0
high_trigger_low_holdout,early,3,0,0.6451458799914098,R0_benchmark,0.601624221827165,0.6023055827765309,25189,780859,0.6046171857986087,0.6023055827765309,0.6304484898931759,,,,,,,
high_trigger_low_holdout,early,3,0,0.6333869490329452,R1_holdout_only,0.5540020528398765,0.5544302617073045,480,14880,0.549573247791338,0.6333869490329452,0.5850581512512127,,,,,,,
high_trigger_low_holdout,early,3,0,0.6626023921075354,R2_unflagged_only,0.6018165792860549,0.6024515044852097,24344,754664,0.6040711825757872,0.6626023921075354,0.6323301458775841,,,,,,,
high_trigger_low_holdout,early,3,0,0.6437828432683079,R3_drop_unweighted,0.6023320442443034,0.6030505787733292,24356,755036,0.6036900313015033,0.6437828432683079,0.6308346269331296,,,,,,,
high_trigger_low_holdout,early,3,0,0.6433401850399049,R4_ipw_pure,0.6027550136767059,0.6035851554221512,24356,755036,0.6040720185772558,0.6433401850399049,0.6300572681089683,,,,,,,
high_trigger_low_holdout,early,3,0,0.658108607584211,R6_no_retrain,0.6016887274638579,0.6020423466280306,25164,780084,0.6004693630385625,0.658108607584211,0.628329665077963,,,,,,,
high_trigger_low_holdout,early,3,0,0.6578018147526447,R7_incremental,0.6022070849045766,0.6024422133689596,3456,107136,0.6007124585974324,0.6578018147526447,0.6284697110989532,,,,,,,
high_trigger_low_holdout,early,3,0,0.6437828432683079,R5_asymmetric,0.6023320442443034,0.6030505787733292,24356,755036,0.6036900313015033,0.6437828432683079,0.6308346269331296,R3_drop_unweighted,-0.0007773588241613005,0.0005345766488219494,R4_ipw_pure,False,1,1.0
high_trigger_low_holdout,early,4,0,0.5237001962383966,R0_benchmark,0.6046280182614789,0.6008379824173498,25342,785602,0.5992616396637295,0.6008379824173498,0.5734559296089412,,,,,,,
high_trigger_low_holdout,early,4,0,0.42221435186205986,R1_holdout_only,0.5450953799794208,0.540753533536066,481,14911,0.5324104147478276,0.42221435186205986,0.5144600110457719,,,,,,,
high_trigger_low_holdout,early,4,0,0.517299021012943,R2_unflagged_only,0.6064987170134991,0.6027134326527832,24585,762135,0.598919380370513,0.517299021012943,0.5692984351610014,,,,,,,
high_trigger_low_holdout,early,4,0,0.5348309373139594,R3_drop_unweighted,0.608413479241647,0.6038149756819131,24604,762724,0.599886834376977,0.5348309373139594,0.5757477897214721,,,,,,,
high_trigger_low_holdout,early,4,0,0.5307752519127732,R4_ipw_pure,0.6095477636317824,0.6044024050276804,24604,762724,0.5980582727437953,0.5307752519127732,0.5751438716372748,,,,,,,
high_trigger_low_holdout,early,4,0,0.5107627940819792,R6_no_retrain,0.6051033804912622,0.6003111652821677,25620,794220,0.5980756316047655,0.5107627940819792,0.5709712640023896,,,,,,,
high_trigger_low_holdout,early,4,0,0.5102942473485768,R7_incremental,0.6050898565537768,0.6003770978979045,3392,105152,0.5983281628134648,0.5102942473485768,0.5707104418453803,,,,,,,
high_trigger_low_holdout,early,4,0,0.5348309373139594,R5_asymmetric,0.608413479241647,0.6038149756819131,24604,762724,0.599886834376977,0.5348309373139594,0.5757477897214721,R3_drop_unweighted,-0.0006039180841973524,0.0005874293457672763,R4_ipw_pure,False,1,1.0
high_trigger_low_holdout,late,0,0,0.5994260771158353,R0_benchmark,0.6020699097767923,0.6009825614589737,24891,771621,0.5928750258172776,0.6009825614589737,0.6014348017656682,,,,,,,
high_trigger_low_holdout,late,0,0,0.5541589200549671,R1_holdout_only,0.5513870085887614,0.5511101974944668,556,17236,0.544775120978903,0.5541589200549671,0.5526345014947378,,,,,,,
high_trigger_low_holdout,late,0,0,0.6132554630452941,R2_unflagged_only,0.602054560841564,0.6006989907129497,20093,622883,0.5897260460478895,0.6132554630452941,0.6027414748589791,,,,,,,
high_trigger_low_holdout,late,0,0,0.596010831784011,R3_drop_unweighted,0.6004246148764583,0.5987852222587561,20179,625549,0.5885901799898632,0.596010831784011,0.5954081487663411,,,,,,,
high_trigger_low_holdout,late,0,0,0.5823970037453183,R4_ipw_pure,0.5974046939436657,0.5854818977743387,20179,625549,0.575282662440751,0.5823970037453183,0.5879054325829495,,,,,,,
high_trigger_low_holdout,late,0,0,0.5261835475439872,R6_no_retrain,0.5273013590393341,0.526537421241942,25206,781386,0.5100823774949624,0.5261835475439872,0.5279021009843954,,,,,,,
high_trigger_low_holdout,late,0,0,0.5996685797429472,R7_incremental,0.5936368605717366,0.5924522486763675,20179,625549,0.5813978869555251,0.5996685797429472,0.5933472632359866,,,,,,,
high_trigger_low_holdout,late,0,0,0.596010831784011,R5_asymmetric,0.6004246148764583,0.5987852222587561,20179,625549,0.5885901799898632,0.596010831784011,0.5954081487663411,R3_drop_unweighted,-0.01442221308012672,-0.0133033244844174,R3_drop_unweighted,True,"7,8,9,10,11,12",6.0
high_trigger_low_holdout,late,1,0,0.598994772818657,R0_benchmark,0.5925181075060356,0.599162631224743,25350,785850,0.5991883006249247,0.599162631224743,0.6083190021304496,,,,,,,
high_trigger_low_holdout,late,1,0,0.5559388821873743,R1_holdout_only,0.5348193947387087,0.5425560868328431,522,16182,0.5459000044596413,0.5559388821873743,0.5518077175439418,,,,,,,
high_trigger_low_holdout,late,1,0,0.5986731001206272,R2_unflagged_only,0.5881627486659585,0.5960197290900785,20473,634663,0.598298984513435,0.5986731001206272,0.6053593758165678,,,,,,,
high_trigger_low_holdout,late,1,0,0.5976276638520306,R3_drop_unweighted,0.5892258108191586,0.5955407040045388,20580,637980,0.5994923934649454,0.5976276638520306,0.6019738513171711,,,,,,,
high_trigger_low_holdout,late,1,0,0.5960916767189385,R4_ipw_pure,0.5845356334405399,0.5758181538117478,20580,637980,0.5817927021402204,0.5960916767189385,0.5995623478606135,,,,,,,
high_trigger_low_holdout,late,1,0,0.5393968636911942,R6_no_retrain,0.5192669261435073,0.5235596121385081,25190,780890,0.5156543987831375,0.5393968636911942,0.5364427390089563,,,,,,,
high_trigger_low_holdout,late,1,0,0.597643747486932,R7_incremental,0.5646723729769724,0.5711238967145829,20580,637980,0.569391011696149,0.597643747486932,0.5828070886241333,,,,,,,
high_trigger_low_holdout,late,1,0,0.5976276638520306,R5_asymmetric,0.5892258108191586,0.5955407040045388,20580,637980,0.5994923934649454,0.5976276638520306,0.6019738513171711,R3_drop_unweighted,-0.016410049665820308,-0.01972255019279101,R3_drop_unweighted,True,"7,8,9,10,11,12",6.0
high_trigger_low_holdout,late,2,0,0.6633089312608194,R0_benchmark,0.6109996027131276,0.6156782943845353,25015,775465,0.6076250500826291,0.6156782943845353,0.6247729453598438,,,,,,,
high_trigger_low_holdout,late,2,0,0.5815611360132145,R1_holdout_only,0.5591256276684518,0.5636632696280447,476,14756,0.5558657431134515,0.5815611360132145,0.5683084094313375,,,,,,,
high_trigger_low_holdout,late,2,0,0.6439372824972448,R2_unflagged_only,0.610856203807966,0.615081630039482,20176,625456,0.6042324625648888,0.6439372824972448,0.6139997690018495,,,,,,,
high_trigger_low_holdout,late,2,0,0.6459061538736904,R3_drop_unweighted,0.6106543859439787,0.6149605210507603,20266,628246,0.6045463664462839,0.6459061538736904,0.6089484267546863,,,,,,,
high_trigger_low_holdout,late,2,0,0.6332222753504975,R4_ipw_pure,0.6040902402667685,0.5999056695208127,20266,628246,0.5877126454927706,0.6332222753504975,0.609566526594188,,,,,,,
high_trigger_low_holdout,late,2,0,0.5608585813386792,R6_no_retrain,0.5324112738281209,0.5357502206872842,25672,795832,0.5195188575338197,0.5608585813386792,0.5287866365401958,,,,,,,
high_trigger_low_holdout,late,2,0,0.6361014301165726,R7_incremental,0.6010320271574363,0.6045130620420806,20266,628246,0.5954389482107068,0.6361014301165726,0.6053984888372154,,,,,,,
high_trigger_low_holdout,late,2,0,0.6459061538736904,R5_asymmetric,0.6106543859439787,0.6149605210507603,20266,628246,0.6045463664462839,0.6459061538736904,0.6089484267546863,R3_drop_unweighted,-0.01760429421503812,-0.015054851529947566,R3_drop_unweighted,True,"7,8,9,10,11,12",6.0
high_trigger_low_holdout,late,3,0,0.4946005566912674,R0_benchmark,0.5785560512115603,0.5854839717365237,25408,787648,0.5912590314687413,0.5854839717365237,0.5782248788830916,,,,,,,
high_trigger_low_holdout,late,3,0,0.49287822089786676,R1_holdout_only,0.5230231974020497,0.5310286053402367,473,14663,0.5422565542902817,0.49287822089786676,0.5130711275092511,,,,,,,
high_trigger_low_holdout,late,3,0,0.4854402711848746,R2_unflagged_only,0.5792414727699269,0.5843004817543851,20493,635283,0.5922401761706413,0.4854402711848746,0.577492470334238,,,,,,,
high_trigger_low_holdout,late,3,0,0.49020881697330887,R3_drop_unweighted,0.5763208502957547,0.5830777908611762,20570,637670,0.5915301392208296,0.49020881697330887,0.5750297596701119,,,,,,,
high_trigger_low_holdout,late,3,0,0.45526979892126634,R4_ipw_pure,0.576925279155985,0.5669289569661823,20570,637670,0.5764170674788719,0.45526979892126634,0.5518084632384749,,,,,,,
high_trigger_low_holdout,late,3,0,0.43589099476802606,R6_no_retrain,0.5050474355823301,0.5113478306171089,25007,775217,0.5145271737949468,0.43589099476802606,0.4984257784462118,,,,,,,
high_trigger_low_holdout,late,3,0,0.4550272570827991,R7_incremental,0.5354247085544954,0.5422231862495137,20570,637670,0.5466461246790588,0.4550272570827991,0.532312056092705,,,,,,,
high_trigger_low_holdout,late,3,0,0.49020881697330887,R5_asymmetric,0.5763208502957547,0.5830777908611762,20570,637670,0.5915301392208296,0.49020881697330887,0.5750297596701119,R3_drop_unweighted,-0.018639020425439728,-0.016148833894993886,R3_drop_unweighted,True,"7,8,9,10,11,12",6.0
high_trigger_low_holdout,late,4,0,0.641496620009484,R0_benchmark,0.5939852330237821,0.5986283553296718,25343,785633,0.5924259179666627,0.5986283553296718,0.5767956785978762,,,,,,,
high_trigger_low_holdout,late,4,0,0.5382449778830892,R1_holdout_only,0.5424287499746913,0.5448265712125766,487,15097,0.5333082813520196,0.5382449778830892,0.5215769829062469,,,,,,,
high_trigger_low_holdout,late,4,0,0.6454757192670679,R2_unflagged_only,0.5927417727856408,0.5970929347578582,20361,631191,0.5904592727886226,0.6454757192670679,0.577775045871668,,,,,,,
high_trigger_low_holdout,late,4,0,0.6333693845709678,R3_drop_unweighted,0.5914557922972727,0.595078850543305,20453,634043,0.5905008782564828,0.6333693845709678,0.583583987062925,,,,,,,
high_trigger_low_holdout,late,4,0,0.63361022478919,R4_ipw_pure,0.5899212060449867,0.5847304700749606,20453,634043,0.578848915339565,0.63361022478919,0.5789665156303037,,,,,,,
high_trigger_low_holdout,late,4,0,0.5413399990725407,R6_no_retrain,0.5187157485779095,0.5232046925522129,25153,779743,0.5148664585476104,0.5413399990725407,0.49416320839434397,,,,,,,
high_trigger_low_holdout,late,4,0,0.6123175560551867,R7_incremental,0.5741728580059012,0.5795777329653615,20453,634043,0.5711164474111127,0.6123175560551867,0.5600380888798592,,,,,,,
high_trigger_low_holdout,late,4,0,0.6333693845709678,R5_asymmetric,0.5914557922972727,0.595078850543305,20453,634043,0.5905008782564828,0.6333693845709678,0.583583987062925,R3_drop_unweighted,-0.018036364170494663,-0.01034838046834441,R3_drop_unweighted,True,"7,8,9,10,11,12",6.0
low_base_high_holdout,early,0,0,0.8019504395633268,R0_benchmark,0.6337377167923621,0.8257055541087494,2474,76694,0.7960064203441366,0.8257055541087494,0.8149634714624524,,,,,,,
low_base_high_holdout,early,0,0,0.7870297304167077,R1_holdout_only,0.6031141123259556,0.803961114728686,494,15314,0.7853960043625202,0.7870297304167077,0.7968922437937239,,,,,,,
low_base_high_holdout,early,0,0,0.7996698883696021,R2_unflagged_only,0.6320396819745224,0.8243448122017613,2187,67797,0.7943613889687379,0.7996698883696021,0.8114873908017209,,,,,,,
low_base_high_holdout,early,0,0,0.8155687989894131,R3_drop_unweighted,0.6312257017150291,0.824431407971121,2245,69595,0.7973472060003303,0.8155687989894131,0.8146974924618924,,,,,,,
low_base_high_holdout,early,0,0,0.8021652099184641,R4_ipw_pure,0.623227620457676,0.820292831779231,2245,69595,0.7895780538050858,0.8021652099184641,0.8112701562444136,,,,,,,
low_base_high_holdout,early,0,0,0.8035313265073264,R6_no_retrain,0.6254189713494852,0.8238557682170409,2435,75485,0.7959079403554832,0.8035313265073264,0.8129544912820147,,,,,,,
low_base_high_holdout,early,0,0,0.747758786469261,R7_incremental,0.5594962688930838,0.777371150273122,178,5518,0.7415647092388334,0.747758786469261,0.7671317649302203,,,,,,,
low_base_high_holdout,early,0,0,0.8155687989894131,R5_asymmetric,0.6312257017150291,0.824431407971121,2245,69595,0.7973472060003303,0.8155687989894131,0.8146974924618924,R3_drop_unweighted,-0.0034273362174788158,-0.004138576191890064,R3_drop_unweighted,True,1,1.0
low_base_high_holdout,early,1,0,0.7989740481672515,R0_benchmark,0.6065123726534206,0.8101052078789145,2784,86304,0.8107568847472543,0.8101052078789145,0.8241991673856364,,,,,,,
low_base_high_holdout,early,1,0,0.7624302936958949,R1_holdout_only,0.5786991511248187,0.7907822420278207,572,17732,0.7891761473222914,0.7624302936958949,0.8029009435150049,,,,,,,
low_base_high_holdout,early,1,0,0.7921535303802332,R2_unflagged_only,0.6128924287957954,0.8128410403734693,2467,76477,0.819779009452632,0.7921535303802332,0.8271446568804627,,,,,,,
low_base_high_holdout,early,1,0,0.7802251220738973,R3_drop_unweighted,0.5862379475250251,0.8052329447594282,2522,78182,0.8094705823746786,0.7802251220738973,0.8232927832388967,,,,,,,
low_base_high_holdout,early,1,0,0.7816759504269072,R4_ipw_pure,0.5904161289772698,0.8051784392701884,2522,78182,0.8130605002608684,0.7816759504269072,0.8199989190220897,,,,,,,
low_base_high_holdout,early,1,0,0.7845632363094476,R6_no_retrain,0.6139912435744651,0.8113082348311825,2766,85746,0.8122608127967477,0.7845632363094476,0.8271622623492803,,,,,,,
low_base_high_holdout,early,1,0,0.7662548071966585,R7_incremental,0.5901241691468883,0.7978844635233532,228,7068,0.7926235798887175,0.7662548071966585,0.8158935776290995,,,,,,,
low_base_high_holdout,early,1,0,0.7802251220738973,R5_asymmetric,0.5862379475250251,0.8052329447594282,2522,78182,0.8094705823746786,0.7802251220738973,0.8232927832388967,R3_drop_unweighted,-0.0032938642168069965,-5.450548923979781e-05,R3_drop_unweighted,True,1,1.0
low_base_high_holdout,early,2,0,0.8521697960625624,R0_benchmark,0.6542046226390056,0.8581809272853792,2555,79205,0.8305258328964302,0.8581809272853792,0.8659186098848123,,,,,,,
low_base_high_holdout,early,2,0,0.8408353659812059,R1_holdout_only,0.6346817692844439,0.8455315091287174,521,16151,0.8108994604140588,0.8408353659812059,0.8557935950858266,,,,,,,
low_base_high_holdout,early,2,0,0.8653403425676455,R2_unflagged_only,0.6621394545960055,0.8578991437826625,2281,70711,0.8254769352722638,0.8653403425676455,0.8709604053795084,,,,,,,
low_base_high_holdout,early,2,0,0.865390244465982,R3_drop_unweighted,0.6553676138099888,0.8577380165360737,2331,72261,0.8264345059063464,0.865390244465982,0.8740153042592443,,,,,,,
low_base_high_holdout,early,2,0,0.8701340693111392,R4_ipw_pure,0.6525765087934849,0.8573095630308595,2331,72261,0.8263170437413299,0.8701340693111392,0.8708950907061836,,,,,,,
low_base_high_holdout,early,2,0,0.8717869842450818,R6_no_retrain,0.677515413015234,0.8649192907753974,2573,79763,0.8263472088782083,0.8717869842450818,0.8816713888066693,,,,,,,
low_base_high_holdout,early,2,0,0.8509502756977344,R7_incremental,0.6445175555706478,0.8383757707103391,165,5115,0.7918601165465498,0.8509502756977344,0.8546803475857567,,,,,,,
low_base_high_holdout,early,2,0,0.865390244465982,R5_asymmetric,0.6553676138099888,0.8577380165360737,2331,72261,0.8264345059063464,0.865390244465982,0.8740153042592443,R3_drop_unweighted,-0.003120213553060691,-0.0004284535052142546,R3_drop_unweighted,True,1,1.0
low_base_high_holdout,early,3,0,0.8284898607770977,R0_benchmark,0.6106067996013648,0.8235517003074139,2541,78771,0.8134305563331212,0.8235517003074139,0.8272047101320917,,,,,,,
low_base_high_holdout,early,3,0,0.7830852081314611,R1_holdout_only,0.5480766063646498,0.8029576248316568,525,16275,0.8014908585755623,0.7830852081314611,0.7970663124813605,,,,,,,
low_base_high_holdout,early,3,0,0.8413476141823604,R2_unflagged_only,0.6157357437248742,0.8225792863854966,2279,70649,0.8098207982769109,0.8413476141823604,0.8334572745724108,,,,,,,
low_base_high_holdout,early,3,0,0.8374478165149591,R3_drop_unweighted,0.6216774771122597,0.8247240651513463,2339,72509,0.8069967523962032,0.8374478165149591,0.8341627895442334,,,,,,,
low_base_high_holdout,early,3,0,0.847120431826968,R4_ipw_pure,0.6231909394952873,0.8312517269074235,2339,72509,0.8103828653440017,0.847120431826968,0.8386294085023799,,,,,,,
low_base_high_holdout,early,3,0,0.843285275157272,R6_no_retrain,0.6187723810006419,0.8303999147253919,2624,81344,0.8114652802476254,0.843285275157272,0.8378058890177862,,,,,,,
low_base_high_holdout,early,3,0,0.8114059668033959,R7_incremental,0.5746590064524847,0.7903793303109369,181,5611,0.7638015816419719,0.8114059668033959,0.8060989073632369,,,,,,,
low_base_high_holdout,early,3,0,0.847120431826968,R5_asymmetric,0.6231909394952873,0.8312517269074235,2339,72509,0.8103828653440017,0.847120431826968,0.8386294085023799,R4_ipw_pure,0.004466618958146484,0.006527661756077219,R4_ipw_pure,True,1,1.0
low_base_high_holdout,early,4,0,0.8109724174668517,R0_benchmark,0.7180159969368441,0.8553084223631447,2509,77779,0.8569160249692439,0.8553084223631447,0.8390615684560266,,,,,,,
low_base_high_holdout,early,4,0,0.7980710085002007,R1_holdout_only,0.6783622786219254,0.8352873830379045,491,15221,0.8404143688816764,0.7980710085002007,0.8284453237257652,,,,,,,
low_base_high_holdout,early,4,0,0.8022608183332037,R2_unflagged_only,0.6976305571495637,0.8467812436449832,2232,69192,0.8535698378260915,0.8022608183332037,0.8372962370586867,,,,,,,
low_base_high_holdout,early,4,0,0.7952075901953871,R3_drop_unweighted,0.7009860909273422,0.8475938603687657,2281,70711,0.8618471772907458,0.7952075901953871,0.8395556778086635,,,,,,,
low_base_high_holdout,early,4,0,0.8061735970242428,R4_ipw_pure,0.7064639637586152,0.8488782750181119,2281,70711,0.8596328357476579,0.8061735970242428,0.8412155509507522,,,,,,,
low_base_high_holdout,early,4,0,0.7856389498153888,R6_no_retrain,0.6894913562550367,0.8432045484244325,2529,78399,0.8606212028277915,0.7856389498153888,0.8328831422853391,,,,,,,
low_base_high_holdout,early,4,0,0.6988167793870514,R7_incremental,0.5670816771647758,0.7516968515062978,211,6541,0.7727589332342601,0.6988167793870514,0.7382399706356715,,,,,,,
low_base_high_holdout,early,4,0,0.8061735970242428,R5_asymmetric,0.7064639637586152,0.8488782750181119,2281,70711,0.8596328357476579,0.8061735970242428,0.8412155509507522,R4_ipw_pure,0.001659873142088708,0.001284414649346144,R4_ipw_pure,True,1,1.0
low_base_high_holdout,late,0,0,0.8453745946750932,R0_benchmark,0.631856803035678,0.8228709438302154,2529,78399,0.8205050051763655,0.8228709438302154,0.8262406839364309,,,,,,,
low_base_high_holdout,late,0,0,0.8138695851146974,R1_holdout_only,0.5656686315376039,0.7915808504185141,478,14818,0.7897637879951336,0.8138695851146974,0.7975034463086406,,,,,,,
low_base_high_holdout,late,0,0,0.756909818129641,R2_unflagged_only,0.6264323180620313,0.7566141466357404,827,25637,0.7409587698560557,0.756909818129641,0.7378783308117692,,,,,,,
low_base_high_holdout,late,0,0,0.8478619824532226,R3_drop_unweighted,0.6534717559041151,0.8192570291165677,1153,35743,0.8093427439910853,0.8478619824532226,0.8265931898786522,,,,,,,
low_base_high_holdout,late,0,0,0.8564412011205067,R4_ipw_pure,0.6386170782231907,0.8173236995546642,1153,35743,0.811246693200505,0.8564412011205067,0.8267906568225626,,,,,,,
low_base_high_holdout,late,0,0,0.8045684451502868,R6_no_retrain,0.5766366181836611,0.7952371009643884,2457,76167,0.7921277390995507,0.8045684451502868,0.8046215678639351,,,,,,,
low_base_high_holdout,late,0,0,0.7589587267009514,R7_incremental,0.5190603303010338,0.7454227939037966,1153,35743,0.7426349124784415,0.7589587267009514,0.7577832706661803,,,,,,,
low_base_high_holdout,late,0,0,0.8564412011205067,R5_asymmetric,0.6386170782231907,0.8173236995546642,1153,35743,0.811246693200505,0.8564412011205067,0.8267906568225626,R4_ipw_pure,0.002953360040036194,-0.0019333295619035074,R3_drop_unweighted,False,"7,8,9,10,11,12",6.0
low_base_high_holdout,late,1,0,0.8412670495682375,R0_benchmark,0.6212406255203162,0.8317170912409009,2480,76880,0.8368665478653678,0.8317170912409009,0.8415583999781168,,,,,,,
low_base_high_holdout,late,1,0,0.7920770789155298,R1_holdout_only,0.562872610665671,0.8062142074046836,463,14353,0.8095107219110603,0.7920770789155298,0.811636034335142,,,,,,,
low_base_high_holdout,late,1,0,0.7736273909703936,R2_unflagged_only,0.6390734749750058,0.7648925569560491,808,25048,0.7481172368967481,0.7736273909703936,0.7838825426218994,,,,,,,
low_base_high_holdout,late,1,0,0.8243517013768518,R3_drop_unweighted,0.6312870268414519,0.8203477570541062,1121,34751,0.8240921385399332,0.8243517013768518,0.8314428655451628,,,,,,,
low_base_high_holdout,late,1,0,0.8450242860056159,R4_ipw_pure,0.6209273629321991,0.8212950762553936,1121,34751,0.8347962778619801,0.8450242860056159,0.8361251715854495,,,,,,,
low_base_high_holdout,late,1,0,0.7732748658531718,R6_no_retrain,0.5273686596660756,0.7953881602691127,2682,83142,0.8108147510404715,0.7732748658531718,0.8001527610152701,,,,,,,
low_base_high_holdout,late,1,0,0.7739507830543165,R7_incremental,0.5283186806618776,0.7751669186192995,1121,34751,0.7880351804460064,0.7739507830543165,0.7824208197160983,,,,,,,
low_base_high_holdout,late,1,0,0.8243517013768518,R5_asymmetric,0.6312870268414519,0.8203477570541062,1121,34751,0.8240921385399332,0.8243517013768518,0.8314428655451628,R3_drop_unweighted,-0.00038136389225995604,0.0009473192012873222,R4_ipw_pure,False,"7,8,9,10,11,12",6.0
low_base_high_holdout,late,2,0,0.7844763616277792,R0_benchmark,0.586454558039196,0.7980793173959788,2368,73408,0.8421829305847304,0.7980793173959788,0.7853714140898121,,,,,,,
low_base_high_holdout,late,2,0,0.7512002817054501,R1_holdout_only,0.5538063766885134,0.776691336459868,494,15314,0.8193083388135587,0.7512002817054501,0.7633321921875316,,,,,,,
low_base_high_holdout,late,2,0,0.7316034462849944,R2_unflagged_only,0.596317361160752,0.7006624876954127,762,23622,0.7369338669298134,0.7316034462849944,0.7099319638967849,,,,,,,
low_base_high_holdout,late,2,0,0.7691855006000092,R3_drop_unweighted,0.6124870004075584,0.7917174732666161,1114,34534,0.8255548402232479,0.7691855006000092,0.7858457517299894,,,,,,,
low_base_high_holdout,late,2,0,0.7789959621516263,R4_ipw_pure,0.6021140991465813,0.7894100879736173,1114,34534,0.8258546768327847,0.7789959621516263,0.7830054482976014,,,,,,,
low_base_high_holdout,late,2,0,0.7413226757380881,R6_no_retrain,0.5307121622839914,0.7709207335798753,2413,74803,0.7953290828908683,0.7413226757380881,0.7560936274846416,,,,,,,
low_base_high_holdout,late,2,0,0.7265343439922836,R7_incremental,0.539815111054328,0.7610437450548903,1114,34534,0.7743914420253907,0.7265343439922836,0.7471066103212134,,,,,,,
low_base_high_holdout,late,2,0,0.7789959621516263,R5_asymmetric,0.6021140991465813,0.7894100879736173,1114,34534,0.8258546768327847,0.7789959621516263,0.7830054482976014,R4_ipw_pure,0.004399320694104943,-0.002307385292998787,R3_drop_unweighted,False,"7,8,9,10,11,12",6.0
low_base_high_holdout,late,3,0,0.7947427426472342,R0_benchmark,0.5679099539881457,0.8130365903051868,2667,82677,0.8131726388060957,0.8130365903051868,0.8218789629871875,,,,,,,
low_base_high_holdout,late,3,0,0.7724598694364188,R1_holdout_only,0.4989238452364192,0.7926823131124155,518,16058,0.7842498791445737,0.7724598694364188,0.8061312979273974,,,,,,,
low_base_high_holdout,late,3,0,0.7644246214310837,R2_unflagged_only,0.5952793838117504,0.7590500601009448,848,26288,0.7476888562568532,0.7644246214310837,0.7724618364214938,,,,,,,
low_base_high_holdout,late,3,0,0.7898140004395089,R3_drop_unweighted,0.5617812460914087,0.7997425413172757,1190,36890,0.8066709253729979,0.7898140004395089,0.8092604564914943,,,,,,,
low_base_high_holdout,late,3,0,0.8088921634952834,R4_ipw_pure,0.5867132205367587,0.8107021520064648,1190,36890,0.8078613474760812,0.8088921634952834,0.8232935644088248,,,,,,,
low_base_high_holdout,late,3,0,0.7496142877951015,R6_no_retrain,0.4973290481769063,0.7859417593540485,2483,76973,0.7961463862489407,0.7496142877951015,0.7861873172213918,,,,,,,
low_base_high_holdout,late,3,0,0.7418227743771383,R7_incremental,0.4993890754730576,0.7597120870521537,1190,36890,0.7610523237301173,0.7418227743771383,0.761848952812715,,,,,,,
low_base_high_holdout,late,3,0,0.8088921634952834,R5_asymmetric,0.5867132205367587,0.8107021520064648,1190,36890,0.8078613474760812,0.8088921634952834,0.8232935644088248,R4_ipw_pure,0.001849403989905148,0.010959610689189048,R4_ipw_pure,True,"7,8,9,10,11,12",6.0
low_base_high_holdout,late,4,0,0.8307229689117053,R0_benchmark,0.6130382268135457,0.8175166809757529,2528,78368,0.8215637856130074,0.8175166809757529,0.8259597008060524,,,,,,,
low_base_high_holdout,late,4,0,0.8077169887805886,R1_holdout_only,0.5689988539699619,0.7991475155940204,465,14415,0.803857270799322,0.8077169887805886,0.8143082490945267,,,,,,,
low_base_high_holdout,late,4,0,0.7295510164566208,R2_unflagged_only,0.5985157531678461,0.7372087530227726,826,25606,0.7104688380806087,0.7295510164566208,0.7367291583080194,,,,,,,
low_base_high_holdout,late,4,0,0.8220153833967622,R3_drop_unweighted,0.6059932123007935,0.8053321315642081,1165,36115,0.8176365859641371,0.8220153833967622,0.8217892704078011,,,,,,,
low_base_high_holdout,late,4,0,0.8203672362744575,R4_ipw_pure,0.6189540883419576,0.8130357474610354,1165,36115,0.8259323398640256,0.8203672362744575,0.829280998081507,,,,,,,
low_base_high_holdout,late,4,0,0.8017290919322848,R6_no_retrain,0.5538545110954197,0.7925397813539604,2456,76136,0.7986142865867322,0.8017290919322848,0.8036561989304637,,,,,,,
low_base_high_holdout,late,4,0,0.775251829735815,R7_incremental,0.5375694929420688,0.7684915846098681,1165,36115,0.7731339117657804,0.775251829735815,0.7804528257361631,,,,,,,
low_base_high_holdout,late,4,0,0.8203672362744575,R5_asymmetric,0.6189540883419576,0.8130357474610354,1165,36115,0.8259323398640256,0.8203672362744575,0.829280998081507,R4_ipw_pure,0.002939612889399701,0.007703615896827221,R4_ipw_pure,True,"7,8,9,10,11,12",6.0
low_shift,early,0,0,0.5885347950417472,R0_benchmark,0.6096611884118,0.6120782744480538,25102,778162,0.6013007762320441,0.6120782744480538,0.5975754139672811,,,,,,,
low_shift,early,0,0,0.5570333048861893,R1_holdout_only,0.5756880188060344,0.5780605614636029,1256,38936,0.5694675040048032,0.5570333048861893,0.5656870634302319,,,,,,,
low_shift,early,0,0,0.5952691634970432,R2_unflagged_only,0.6101062844403674,0.6126233606759268,24618,763158,0.6039639885313971,0.5952691634970432,0.5988931397258804,,,,,,,
low_shift,early,0,0,0.5920993388754969,R3_drop_unweighted,0.6087514062500178,0.6108146847175486,24648,764088,0.6034312011664733,0.5920993388754969,0.5957718952683655,,,,,,,
low_shift,early,0,0,0.5873168388181601,R4_ipw_pure,0.6103649415220879,0.6123098251732976,24648,764088,0.6000954734585108,0.5873168388181601,0.5961260921680824,,,,,,,
low_shift,early,0,0,0.5899820988198258,R6_no_retrain,0.607442169632349,0.6099383994306964,24822,769482,0.6008539332762255,0.5899820988198258,0.5945340847041765,,,,,,,
low_shift,early,0,0,0.5891817965638908,R7_incremental,0.607476782146752,0.6099296350618414,3899,120869,0.6007827173891678,0.5891817965638908,0.5945511265979861,,,,,,,
low_shift,early,0,0,0.5873168388181601,R5_asymmetric,0.6103649415220879,0.6123098251732976,24648,764088,0.6000954734585108,0.5873168388181601,0.5961260921680824,R4_ipw_pure,0.0003541968997169409,0.0014951404557489445,R4_ipw_pure,True,1,1.0
low_shift,early,1,0,0.6127269800530308,R0_benchmark,0.6077817201592959,0.6074289925988372,25431,788361,0.5974763628101831,0.6074289925988372,0.6202375392899958,,,,,,,
low_shift,early,1,0,0.5902317532853699,R1_holdout_only,0.5666968532145067,0.5676817641662886,1285,39835,0.5620596073646364,0.5902317532853699,0.5836997760137494,,,,,,,
low_shift,early,1,0,0.6107989071869006,R2_unflagged_only,0.6072953589601151,0.6073173192775633,24978,774318,0.5980947000839916,0.6107989071869006,0.6245614657933531,,,,,,,
low_shift,early,1,0,0.6075582513201844,R3_drop_unweighted,0.6058220459878826,0.6056277058268072,24998,774938,0.5987476440858743,0.6075582513201844,0.6220435241213148,,,,,,,
low_shift,early,1,0,0.6080970564694624,R4_ipw_pure,0.6053090113483148,0.6053740162818322,24998,774938,0.5983255207433322,0.6080970564694624,0.6197593895170378,,,,,,,
low_shift,early,1,0,0.614272523620234,R6_no_retrain,0.6025224612144827,0.6031171965395841,25249,782719,0.5969303440212588,0.614272523620234,0.6187619889331848,,,,,,,
low_shift,early,1,0,0.6142322809119892,R7_incremental,0.6027044786036599,0.6032357444653155,3807,118017,0.597006947491511,0.6142322809119892,0.6190792004680037,,,,,,,
low_shift,early,1,0,0.6075582513201844,R5_asymmetric,0.6058220459878826,0.6056277058268072,24998,774938,0.5987476440858743,0.6075582513201844,0.6220435241213148,R3_drop_unweighted,-0.0022841346042770105,-0.00025368954497506646,R3_drop_unweighted,True,1,1.0
low_shift,early,2,0,0.5605756130527086,R0_benchmark,0.607952345397241,0.6096014591378015,25359,786129,0.5985638797969248,0.6096014591378015,0.6017232491853012,,,,,,,
low_shift,early,2,0,0.510571320298811,R1_holdout_only,0.5723529400649214,0.5741466039159946,1252,38812,0.5682057824427991,0.510571320298811,0.5638092383728552,,,,,,,
low_shift,early,2,0,0.56742636271762,R2_unflagged_only,0.6074906142615325,0.6092475781312686,24859,770629,0.5993067975305484,0.56742636271762,0.6015476241447828,,,,,,,
low_shift,early,2,0,0.5623741555468891,R3_drop_unweighted,0.6074449932066026,0.6094365145179321,24898,771838,0.5978532990884027,0.5623741555468891,0.5992917025627222,,,,,,,
low_shift,early,2,0,0.5682096523619747,R4_ipw_pure,0.6073047874778027,0.6097614178724,24898,771838,0.60080933817477,0.5682096523619747,0.6003458209937392,,,,,,,
low_shift,early,2,0,0.5584927997605769,R6_no_retrain,0.6049095361829615,0.6062393273879371,25414,787834,0.5961339732311643,0.5584927997605769,0.5978116037254385,,,,,,,
low_shift,early,2,0,0.5581295158060523,R7_incremental,0.6053924329997739,0.6068826453085263,3801,117831,0.5962166483995115,0.5581295158060523,0.5980868232992315,,,,,,,
low_shift,early,2,0,0.5682096523619747,R5_asymmetric,0.6073047874778027,0.6097614178724,24898,771838,0.60080933817477,0.5682096523619747,0.6003458209937392,R4_ipw_pure,0.0010541184310169927,0.000324903354467887,R4_ipw_pure,True,1,1.0
low_shift,early,3,0,0.5984600605205745,R0_benchmark,0.6040061277919578,0.6024133388078342,25248,782688,0.6045564976467129,0.6024133388078342,0.6001816959322195,,,,,,,
low_shift,early,3,0,0.5904301703152234,R1_holdout_only,0.57030695778365,0.5678628463912471,1273,39463,0.5649508844563113,0.5904301703152234,0.5735349905911454,,,,,,,
low_shift,early,3,0,0.5944600738169291,R2_unflagged_only,0.6033652917740038,0.6022316888544913,24751,767281,0.6048888005275023,0.5944600738169291,0.6038177622933616,,,,,,,
low_shift,early,3,0,0.5942827890876817,R3_drop_unweighted,0.602909047086501,0.6011107473184771,24782,768242,0.6051009401550453,0.5942827890876817,0.6005982409863813,,,,,,,
low_shift,early,3,0,0.5987403919986969,R4_ipw_pure,0.6042341713295043,0.6024965723459144,24782,768242,0.604397758405442,0.5987403919986969,0.6017280802755591,,,,,,,
low_shift,early,3,0,0.59819080933803,R6_no_retrain,0.6029027823419123,0.6012272795080669,25217,781727,0.6026674200607726,0.59819080933803,0.601311772222535,,,,,,,
low_shift,early,3,0,0.599366428698852,R7_incremental,0.6030309372712623,0.6013196160234768,3797,117707,0.6031077296928802,0.599366428698852,0.6014654688743057,,,,,,,
low_shift,early,3,0,0.5987403919986969,R5_asymmetric,0.6042341713295043,0.6024965723459144,24782,768242,0.604397758405442,0.5987403919986969,0.6017280802755591,R4_ipw_pure,0.0011298392891778697,0.0013858250274372264,R4_ipw_pure,True,1,1.0
low_shift,early,4,0,0.5660019667832169,R0_benchmark,0.6020608569796474,0.6022370386806117,25323,785013,0.6017272307117716,0.6022370386806117,0.5903960913595705,,,,,,,
low_shift,early,4,0,0.5394154283216783,R1_holdout_only,0.5679929384214908,0.5685848783050711,1260,39060,0.5640352336252962,0.5394154283216783,0.5614694603776405,,,,,,,
low_shift,early,4,0,0.5578944493006993,R2_unflagged_only,0.6033446375182607,0.6031574031609421,24875,771125,0.6020953759913558,0.5578944493006993,0.591341996636983,,,,,,,
low_shift,early,4,0,0.560048076923077,R3_drop_unweighted,0.6030548590212383,0.6025897014553818,24900,771900,0.5993298513012222,0.560048076923077,0.588542723339785,,,,,,,
low_shift,early,4,0,0.5666116695804195,R4_ipw_pure,0.6041035578378615,0.6036678638776827,24900,771900,0.5998541330996809,0.5666116695804195,0.5932076736602278,,,,,,,
low_shift,early,4,0,0.5683118444055943,R6_no_retrain,0.6023936072130428,0.6028170857552438,25649,795119,0.5994724479125457,0.5683118444055943,0.5921938076254404,,,,,,,
low_shift,early,4,0,0.5680211975524477,R7_incremental,0.6022979956299253,0.602875176713831,3689,114359,0.5997779789691761,0.5680211975524477,0.5919822861279519,,,,,,,
low_shift,early,4,0,0.5666116695804195,R5_asymmetric,0.6041035578378615,0.6036678638776827,24900,771900,0.5998541330996809,0.5666116695804195,0.5932076736602278,R4_ipw_pure,0.0046649503204427845,0.0010781624223008546,R4_ipw_pure,True,1,1.0
low_shift,late,0,0,0.604484919702311,R0_benchmark,0.6019812547466331,0.6004737879994445,24921,772551,0.5891005049675992,0.6004737879994445,0.5973187763502152,,,,,,,
low_shift,late,0,0,0.5627656080474471,R1_holdout_only,0.5673051334077142,0.5657825425885341,1281,39711,0.5542115285374757,0.5627656080474471,0.5606311422579754,,,,,,,
low_shift,late,0,0,0.6029917951810989,R2_unflagged_only,0.5995646651326305,0.5979278993198238,22157,686867,0.5895732665359974,0.6029917951810989,0.591269338997171,,,,,,,
low_shift,late,0,0,0.605570099726506,R3_drop_unweighted,0.6012640123845627,0.5999763042814462,22283,690773,0.5881578502230469,0.605570099726506,0.5908458748291782,,,,,,,
low_shift,late,0,0,0.5978765654842991,R4_ipw_pure,0.5994490132670923,0.5942413897955784,22283,690773,0.5818254568295833,0.5978765654842991,0.5876358987164414,,,,,,,
low_shift,late,0,0,0.5456414715985705,R6_no_retrain,0.5267243770879112,0.526545533738079,25205,781355,0.5093217376672816,0.5456414715985705,0.5216288907804755,,,,,,,
low_shift,late,0,0,0.5951182280780203,R7_incremental,0.5898662862343189,0.5884484022476361,22283,690773,0.5764836944443174,0.5951182280780203,0.5805535907032744,,,,,,,
low_shift,late,0,0,0.605570099726506,R5_asymmetric,0.6012640123845627,0.5999763042814462,22283,690773,0.5881578502230469,0.605570099726506,0.5908458748291782,R3_drop_unweighted,-0.003642414883406516,-0.005734914485867826,R3_drop_unweighted,True,"7,8,9,10,11,12",6.0
low_shift,late,1,0,0.583740515443586,R0_benchmark,0.5877641068546559,0.5940208842029838,25330,785230,0.6020822157211738,0.5940208842029838,0.6001576838766723,,,,,,,
low_shift,late,1,0,0.540925581687117,R1_holdout_only,0.5518818030112544,0.5568280932139519,1267,39277,0.5673046903455627,0.540925581687117,0.5681806080186117,,,,,,,
low_shift,late,1,0,0.5842285924202978,R2_unflagged_only,0.5896799031918143,0.5953094088229346,22475,696725,0.6005711227873723,0.5842285924202978,0.6014050924967097,,,,,,,
low_shift,late,1,0,0.5835417194119248,R3_drop_unweighted,0.5894579061462963,0.5958100081791017,22607,700817,0.598967795855288,0.5835417194119248,0.6032280205527928,,,,,,,
low_shift,late,1,0,0.5823173524791287,R4_ipw_pure,0.5902078004160216,0.5898229955821522,22607,700817,0.5922751627416667,0.5823173524791287,0.6000558278249347,,,,,,,
low_shift,late,1,0,0.5061728311488335,R6_no_retrain,0.5158795201820877,0.5224830950345599,25157,779867,0.5187240252716702,0.5061728311488335,0.5286732115509594,,,,,,,
low_shift,late,1,0,0.5863022990388742,R7_incremental,0.5800397972170968,0.5867781296994318,22607,700817,0.590467713541124,0.5863022990388742,0.5945966286911659,,,,,,,
low_shift,late,1,0,0.5835417194119248,R5_asymmetric,0.5894579061462963,0.5958100081791017,22607,700817,0.598967795855288,0.5835417194119248,0.6032280205527928,R3_drop_unweighted,-0.0023484805914120535,-0.005987012596949448,R3_drop_unweighted,True,"7,8,9,10,11,12",6.0
low_shift,late,2,0,0.638013309785426,R0_benchmark,0.60636097762153,0.6113027932371173,24944,773264,0.605802840481777,0.6113027932371173,0.6133369911303432,,,,,,,
low_shift,late,2,0,0.589177490650596,R1_holdout_only,0.5771753911992156,0.582203824793718,1192,36952,0.5697341619120272,0.589177490650596,0.5874802131374531,,,,,,,
low_shift,late,2,0,0.6400334843076338,R2_unflagged_only,0.6075487764363158,0.6124288114520962,22159,686929,0.6060110341890736,0.6400334843076338,0.6148268445676923,,,,,,,
low_shift,late,2,0,0.6357140993662709,R3_drop_unweighted,0.6078604023100753,0.6131990276743354,22295,691145,0.6056523264326037,0.6357140993662709,0.6159824223381268,,,,,,,
low_shift,late,2,0,0.6396931966284297,R4_ipw_pure,0.6075802802568699,0.6085742321969986,22295,691145,0.5989570133320606,0.6396931966284297,0.6180314294774674,,,,,,,
low_shift,late,2,0,0.5608961816319517,R6_no_retrain,0.5301936737534196,0.5331822084342507,25559,792329,0.5189724157452824,0.5608961816319517,0.5329009397465186,,,,,,,
low_shift,late,2,0,0.6394039521011063,R7_incremental,0.6003963194596376,0.6051492179757094,22295,691145,0.5949085988527201,0.6394039521011063,0.6101074234094565,,,,,,,
low_shift,late,2,0,0.6357140993662709,R5_asymmetric,0.6078604023100753,0.6131990276743354,22295,691145,0.6056523264326037,0.6357140993662709,0.6159824223381268,R3_drop_unweighted,-0.004597843327652784,-0.004624795477336852,R3_drop_unweighted,True,"7,8,9,10,11,12",6.0
low_shift,late,3,0,0.5605922413736841,R0_benchmark,0.5822944356776746,0.5861445720798107,25385,786935,0.5947435029979157,0.5861445720798107,0.5877371027316523,,,,,,,
low_shift,late,3,0,0.5386781031568368,R1_holdout_only,0.5496113414881965,0.5539621983043267,1226,38006,0.5613766236712525,0.5386781031568368,0.5626950648409706,,,,,,,
low_shift,late,3,0,0.5556225648238189,R2_unflagged_only,0.5791946181848564,0.5832913073501698,22472,696632,0.5924298511790783,0.5556225648238189,0.5884845789625134,,,,,,,
low_shift,late,3,0,0.5689417956181513,R3_drop_unweighted,0.5818453338133468,0.585555578690052,22626,701406,0.5922439588640772,0.5689417956181513,0.5894724580829469,,,,,,,
low_shift,late,3,0,0.5523758672000941,R4_ipw_pure,0.5794935052235999,0.578922166796356,22626,701406,0.5843436319529577,0.5523758672000941,0.58462822803523,,,,,,,
low_shift,late,3,0,0.502002391938547,R6_no_retrain,0.5082509885532613,0.5148191287423854,24994,774814,0.5124728379494934,0.502002391938547,0.5274680545591176,,,,,,,
low_shift,late,3,0,0.5622836078787128,R7_incremental,0.5729805317102721,0.5785275050439231,22626,701406,0.5807122493049592,0.5622836078787128,0.5877858483043019,,,,,,,
low_shift,late,3,0,0.5689417956181513,R5_asymmetric,0.5818453338133468,0.585555578690052,22626,701406,0.5922439588640772,0.5689417956181513,0.5894724580829469,R3_drop_unweighted,-0.0058865425374856435,-0.0066334118936960396,R3_drop_unweighted,True,"7,8,9,10,11,12",6.0
low_shift,late,4,0,0.57505510139883,R0_benchmark,0.594395904710357,0.5968224651334971,25342,785602,0.5935506098978547,0.5968224651334971,0.5954871029050187,,,,,,,
low_shift,late,4,0,0.5313707736869628,R1_holdout_only,0.5594530940687983,0.5604578968795582,1266,39246,0.5569591785635706,0.5313707736869628,0.5613025251537881,,,,,,,
low_shift,late,4,0,0.5741080620649084,R2_unflagged_only,0.5938232061234792,0.5960811790582814,22467,696477,0.591451040288589,0.5741080620649084,0.5934199109806824,,,,,,,
low_shift,late,4,0,0.5700015013726836,R3_drop_unweighted,0.5942903097725936,0.5960838182429079,22605,700755,0.5937302547600707,0.5700015013726836,0.5944554363863636,,,,,,,
low_shift,late,4,0,0.5725318760826225,R4_ipw_pure,0.5912251479312528,0.5900252992622468,22605,700755,0.588307227381861,0.5725318760826225,0.5879194422116946,,,,,,,
low_shift,late,4,0,0.4935502255123052,R6_no_retrain,0.5200586565072881,0.522228244091811,25195,781045,0.5173895795877125,0.4935502255123052,0.5127233914121242,,,,,,,
low_shift,late,4,0,0.5386251103049319,R7_incremental,0.5666376981202201,0.5690716233082539,22605,700755,0.5628600987750152,0.5386251103049319,0.5610063990570434,,,,,,,
low_shift,late,4,0,0.5700015013726836,R5_asymmetric,0.5942903097725936,0.5960838182429079,22605,700755,0.5937302547600707,0.5700015013726836,0.5944554363863636,R3_drop_unweighted,-0.007208483894480626,-0.006058518980661121,R3_drop_unweighted,True,"7,8,9,10,11,12",6.0
no_shift,early,0,0,0.5929730103147837,R0_benchmark,0.6112108612450268,0.6131184493110311,25232,782192,0.6015152363975725,0.6131184493110311,0.6009847853552794,,,,,,,
no_shift,early,0,0,0.5705812455045677,R1_holdout_only,0.5773139449969866,0.5799982969961794,1263,39153,0.5697244539348642,0.5705812455045677,0.5685328909559009,,,,,,,
no_shift,early,0,0,0.5878582870015464,R2_unflagged_only,0.6108254299022451,0.6130429671692859,24744,767064,0.6011310805754498,0.5878582870015464,0.598872491877393,,,,,,,
no_shift,early,0,0,0.598345657003026,R3_drop_unweighted,0.6100861789081655,0.6125240223685534,24774,767994,0.6013928213145328,0.598345657003026,0.5974804608159621,,,,,,,
no_shift,early,0,0,0.5893993731912197,R4_ipw_pure,0.6117179374733834,0.6137675458379172,24774,767994,0.6006752054377305,0.5893993731912197,0.5982963842758909,,,,,,,
no_shift,early,0,0,0.5923983599037436,R6_no_retrain,0.6103078450914963,0.6112805888210403,24906,772086,0.5980815040457884,0.5923983599037436,0.5970918965350249,,,,,,,
no_shift,early,0,0,0.5915007674355843,R7_incremental,0.6100172611991465,0.6108932489995941,3957,122667,0.5976576147846052,0.5915007674355843,0.5965815432807009,,,,,,,
no_shift,early,0,0,0.5893993731912197,R5_asymmetric,0.6117179374733834,0.6137675458379172,24774,767994,0.6006752054377305,0.5893993731912197,0.5982963842758909,R4_ipw_pure,0.0008159234599288689,0.0012435234693637387,R4_ipw_pure,True,1,1.0
no_shift,early,1,0,0.6116515569207848,R0_benchmark,0.6075488254546093,0.6085614129762654,25384,786904,0.5985710809672221,0.6085614129762654,0.62807869415014,,,,,,,
no_shift,early,1,0,0.5775172499419446,R1_holdout_only,0.5687027031732191,0.5698382591628661,1277,39587,0.5636776473533811,0.5775172499419446,0.5889287426589593,,,,,,,
no_shift,early,1,0,0.6160120387465541,R2_unflagged_only,0.604692771500796,0.6062746278000449,24963,773853,0.6016346714921728,0.6160120387465541,0.6252559316422673,,,,,,,
no_shift,early,1,0,0.6198195567552406,R3_drop_unweighted,0.6087017952793707,0.6096413337910839,24980,774380,0.5999909114829802,0.6198195567552406,0.6292467674209932,,,,,,,
no_shift,early,1,0,0.6109560411009615,R4_ipw_pure,0.6056362612507057,0.6065546473432539,24980,774380,0.6002482414455044,0.6109560411009615,0.6260442929835905,,,,,,,
no_shift,early,1,0,0.6153866493151756,R6_no_retrain,0.6042127259858404,0.6053212125253771,25205,781355,0.5977049602970289,0.6153866493151756,0.6256418927667637,,,,,,,
no_shift,early,1,0,0.6151371833103794,R7_incremental,0.6043973407979387,0.605650253980641,3854,119474,0.598210099988179,0.6151371833103794,0.6260719880459965,,,,,,,
no_shift,early,1,0,0.6198195567552406,R5_asymmetric,0.6087017952793707,0.6096413337910839,24980,774380,0.5999909114829802,0.6198195567552406,0.6292467674209932,R3_drop_unweighted,-0.003202474437402625,-0.003086686447829945,R3_drop_unweighted,True,1,1.0
no_shift,early,2,0,0.5688405957760032,R0_benchmark,0.6088960702988159,0.6109076737360395,25347,785757,0.5977561532812781,0.6109076737360395,0.6009818715599142,,,,,,,
no_shift,early,2,0,0.5337551713587649,R1_holdout_only,0.5741465226839847,0.5762031028247804,1246,38626,0.5630377754234837,0.5337551713587649,0.5654142033147019,,,,,,,
no_shift,early,2,0,0.5692319118840373,R2_unflagged_only,0.6098324475255276,0.6121981570840249,24880,771280,0.5953548599285596,0.5692319118840373,0.5991061180207747,,,,,,,
no_shift,early,2,0,0.56952013338004,R3_drop_unweighted,0.6076042878847351,0.6099665125352483,24915,772365,0.5984624454987494,0.56952013338004,0.5971792352631767,,,,,,,
no_shift,early,2,0,0.5654839238917884,R4_ipw_pure,0.608185544832391,0.6109258887825877,24915,772365,0.5982295288440992,0.5654839238917884,0.5978761723590004,,,,,,,
no_shift,early,2,0,0.5711607788188239,R6_no_retrain,0.605723378015432,0.607401335831016,25424,788144,0.5951564451990881,0.5711607788188239,0.5955080331715648,,,,,,,
no_shift,early,2,0,0.5746039171518394,R7_incremental,0.6063382216604666,0.6081216913640456,3845,119195,0.5954481313409223,0.5746039171518394,0.5960238697458395,,,,,,,
no_shift,early,2,0,0.5654839238917884,R5_asymmetric,0.608185544832391,0.6109258887825877,24915,772365,0.5982295288440992,0.5654839238917884,0.5978761723590004,R4_ipw_pure,0.0006969370958236354,0.0009593762473394385,R4_ipw_pure,True,1,1.0
no_shift,early,3,0,0.5957013446892321,R0_benchmark,0.6043559679974913,0.6023055827765309,25189,780859,0.6046171857986087,0.6023055827765309,0.6076906907450141,,,,,,,
no_shift,early,3,0,0.5679339841326847,R1_holdout_only,0.5679330561226765,0.565632805499149,1268,39308,0.5649494911154487,0.5679339841326847,0.5788799782823097,,,,,,,
no_shift,early,3,0,0.5986375304097072,R2_unflagged_only,0.6053041845674973,0.6030994315955912,24710,766010,0.6057965046147025,0.5986375304097072,0.6097396104819681,,,,,,,
no_shift,early,3,0,0.6044679878546476,R3_drop_unweighted,0.6052621924548705,0.6030626158727698,24733,766723,0.6037307750319995,0.6044679878546476,0.6102405347008546,,,,,,,
no_shift,early,3,0,0.5966256586012373,R4_ipw_pure,0.603978620208623,0.6019657164623282,24733,766723,0.6059984623028488,0.5966256586012373,0.6085739749098809,,,,,,,
no_shift,early,3,0,0.5972411325426442,R6_no_retrain,0.604025830259774,0.6020423466280306,25164,780084,0.6004693630385625,0.5972411325426442,0.608205117680446,,,,,,,
no_shift,early,3,0,0.5969596469694416,R7_incremental,0.6046592812477617,0.6027023825526623,3833,118823,0.6006777524589388,0.5969596469694416,0.6087004570150172,,,,,,,
no_shift,early,3,0,0.6044679878546476,R5_asymmetric,0.6052621924548705,0.6030626158727698,24733,766723,0.6037307750319995,0.6044679878546476,0.6102405347008546,R3_drop_unweighted,-0.0016665597909737428,-0.0010968994104415541,R3_drop_unweighted,True,1,1.0
no_shift,early,4,0,0.557132380407255,R0_benchmark,0.6008532780783318,0.6008379824173498,25342,785602,0.5992616396637295,0.6008379824173498,0.586503273736681,,,,,,,
no_shift,early,4,0,0.5346332566023557,R1_holdout_only,0.5696589851464292,0.569117619035664,1258,38998,0.5669937439444367,0.5346332566023557,0.562268678810194,,,,,,,
no_shift,early,4,0,0.5573051175667817,R2_unflagged_only,0.6044270729468926,0.6035137272879398,24922,772582,0.5986374139522708,0.5573051175667817,0.5884142507892002,,,,,,,
no_shift,early,4,0,0.5606273709208522,R3_drop_unweighted,0.6035936696602062,0.6031820774756873,24944,773264,0.5997546787114891,0.5606273709208522,0.5873109209292465,,,,,,,
no_shift,early,4,0,0.5618067262631623,R4_ipw_pure,0.6030796480784665,0.6024245070294195,24944,773264,0.5990339191163532,0.5618067262631623,0.5882208507296136,,,,,,,
no_shift,early,4,0,0.553117220437199,R6_no_retrain,0.6010862182927053,0.6003111652821677,25620,794220,0.5980756316047655,0.553117220437199,0.585724790464178,,,,,,,
no_shift,early,4,0,0.5528137338659903,R7_incremental,0.6014318797161455,0.6006658854030481,3732,115692,0.5981313358204751,0.5528137338659903,0.585880249308201,,,,,,,
no_shift,early,4,0,0.5618067262631623,R5_asymmetric,0.6030796480784665,0.6024245070294195,24944,773264,0.5990339191163532,0.5618067262631623,0.5882208507296136,R4_ipw_pure,0.0009099298003670819,-0.0007575704462677857,R3_drop_unweighted,False,1,1.0
no_shift,late,0,0,0.6141547279629844,R0_benchmark,0.6021851422102975,0.6009825614589737,24891,771621,0.5928750258172776,0.6009825614589737,0.6043402431821754,,,,,,,
no_shift,late,0,0,0.5896799634031678,R1_holdout_only,0.5678428961722398,0.5675311691375932,1280,39680,0.5596828946560052,0.5896799634031678,0.5759502869198753,,,,,,,
no_shift,late,0,0,0.6082415036436468,R2_unflagged_only,0.6021288241752306,0.6007099722281686,22275,690525,0.592649288174145,0.6082415036436468,0.6040814353658326,,,,,,,
no_shift,late,0,0,0.6174434631271722,R3_drop_unweighted,0.6037748694551641,0.6022161760017021,22398,694338,0.5895576805954791,0.6174434631271722,0.6053411450445133,,,,,,,
no_shift,late,0,0,0.608181789024664,R4_ipw_pure,0.5994451006780658,0.5925529230981328,22398,694338,0.5832023655302182,0.608181789024664,0.5985757049875362,,,,,,,
no_shift,late,0,0,0.5485572694846903,R6_no_retrain,0.5261851610111259,0.526537421241942,25206,781386,0.5100823774949624,0.5485572694846903,0.5280917636232683,,,,,,,
no_shift,late,0,0,0.6132896045077574,R7_incremental,0.5894095937689253,0.5883085031829706,22398,694338,0.578194706199722,0.6132896045077574,0.5906470856771749,,,,,,,
no_shift,late,0,0,0.6174434631271722,R5_asymmetric,0.6037748694551641,0.6022161760017021,22398,694338,0.5895576805954791,0.6174434631271722,0.6053411450445133,R3_drop_unweighted,-0.00727867749762832,-0.009663252903569286,R3_drop_unweighted,True,"7,8,9,10,11,12",6.0
no_shift,late,1,0,0.5839554313724145,R0_benchmark,0.5937540017707644,0.599162631224743,25350,785850,0.5991883006249247,0.599162631224743,0.602593510168466,,,,,,,
no_shift,late,1,0,0.5463265665726139,R1_holdout_only,0.5542059864825702,0.5595603208562564,1264,39184,0.566910884589115,0.5463265665726139,0.5696364637981791,,,,,,,
no_shift,late,1,0,0.5798949172633636,R2_unflagged_only,0.5916809924258647,0.5967454444525508,22682,703142,0.5994606150319829,0.5798949172633636,0.6018170299769658,,,,,,,
no_shift,late,1,0,0.5848918393826846,R3_drop_unweighted,0.5903022689038471,0.595896834839566,22802,706862,0.5998126866916657,0.5848918393826846,0.6022347950651042,,,,,,,
no_shift,late,1,0,0.5764843050969246,R4_ipw_pure,0.5877889545700773,0.5864776671569144,22802,706862,0.5931860308405128,0.5764843050969246,0.5930869701793395,,,,,,,
no_shift,late,1,0,0.499706628770976,R6_no_retrain,0.5167582647419624,0.5235596121385081,25190,780890,0.5156543987831375,0.499706628770976,0.5286080233546785,,,,,,,
no_shift,late,1,0,0.5730231195750923,R7_incremental,0.5806534023067763,0.5870874365384036,22802,706862,0.5878631391331629,0.5730231195750923,0.5919207127929547,,,,,,,
no_shift,late,1,0,0.5848918393826846,R5_asymmetric,0.5903022689038471,0.595896834839566,22802,706862,0.5998126866916657,0.5848918393826846,0.6022347950651042,R3_drop_unweighted,-0.002054911851758675,-0.009419167682651608,R3_drop_unweighted,True,"7,8,9,10,11,12",6.0
no_shift,late,2,0,0.6392525170960206,R0_benchmark,0.6117646742322833,0.6156782943845353,25015,775465,0.6076250500826291,0.6156782943845353,0.6179685648929686,,,,,,,
no_shift,late,2,0,0.5800570665207035,R1_holdout_only,0.5779517237956907,0.5808638429786136,1196,37076,0.5679592252030289,0.5800570665207035,0.586405691098801,,,,,,,
no_shift,late,2,0,0.6401706576198436,R2_unflagged_only,0.6116638383869368,0.6147942767564404,22371,693501,0.6061077564155819,0.6401706576198436,0.6175043277345297,,,,,,,
no_shift,late,2,0,0.6405071134438715,R3_drop_unweighted,0.6088958809053616,0.6123483815362134,22500,697500,0.6078277135694756,0.6405071134438715,0.6156465559121623,,,,,,,
no_shift,late,2,0,0.6394981975903439,R4_ipw_pure,0.6096939675008737,0.6102717611477555,22500,697500,0.599442192851664,0.6394981975903439,0.6179917178087018,,,,,,,
no_shift,late,2,0,0.5572785556154702,R6_no_retrain,0.5324724827057056,0.5357502206872842,25672,795832,0.5195188575338197,0.5572785556154702,0.5284256707884887,,,,,,,
no_shift,late,2,0,0.6339087405352042,R7_incremental,0.6031403791246512,0.6067865138413298,22500,697500,0.5951338382751645,0.6339087405352042,0.60845194044469,,,,,,,
no_shift,late,2,0,0.6405071134438715,R5_asymmetric,0.6088958809053616,0.6123483815362134,22500,697500,0.6078277135694756,0.6405071134438715,0.6156465559121623,R3_drop_unweighted,-0.005666861490315016,-0.002076620388457906,R3_drop_unweighted,True,"7,8,9,10,11,12",6.0
no_shift,late,3,0,0.5462583112165115,R0_benchmark,0.581188773542842,0.5854839717365237,25408,787648,0.5912590314687413,0.5854839717365237,0.5920112481140982,,,,,,,
no_shift,late,3,0,0.5354960070349398,R1_holdout_only,0.554145631754687,0.5571167379558332,1216,37696,0.5571241113569178,0.5354960070349398,0.5690387505064777,,,,,,,
no_shift,late,3,0,0.5436699467206755,R2_unflagged_only,0.5803143753090645,0.5846728783594615,22669,702739,0.5920718329084806,0.5436699467206755,0.5906643028228837,,,,,,,
no_shift,late,3,0,0.5392532140682883,R3_drop_unweighted,0.5804438228420616,0.5844952975541448,22800,706800,0.5922824613594767,0.5392532140682883,0.5902705835904125,,,,,,,
no_shift,late,3,0,0.5349817163184345,R4_ipw_pure,0.5776567459426504,0.5757424480940996,22800,706800,0.5863493429194144,0.5349817163184345,0.5833903944114416,,,,,,,
no_shift,late,3,0,0.4857819009458175,R6_no_retrain,0.5068865009360118,0.5113478306171089,25007,775217,0.5145271737949468,0.4857819009458175,0.5275077019135866,,,,,,,
no_shift,late,3,0,0.5484676723023114,R7_incremental,0.5721132477778174,0.5760937200471142,22800,706800,0.5823247689689194,0.5484676723023114,0.5884376641617979,,,,,,,
no_shift,late,3,0,0.5392532140682883,R5_asymmetric,0.5804438228420616,0.5844952975541448,22800,706800,0.5922824613594767,0.5392532140682883,0.5902705835904125,R3_drop_unweighted,-0.005459713206226624,-0.008752849460045176,R3_drop_unweighted,True,"7,8,9,10,11,12",6.0
no_shift,late,4,0,0.5859375394800012,R0_benchmark,0.5963364564128574,0.5986283553296718,25343,785633,0.5924259179666627,0.5986283553296718,0.6002671801535819,,,,,,,
no_shift,late,4,0,0.5431765924653209,R1_holdout_only,0.5595038650028297,0.5602071280888233,1270,39370,0.5557892515928817,0.5431765924653209,0.5681830640404095,,,,,,,
no_shift,late,4,0,0.5905829143189226,R2_unflagged_only,0.5979386598750485,0.5997338390214135,22629,701499,0.5913134406442444,0.5905829143189226,0.6025822414317481,,,,,,,
no_shift,late,4,0,0.5937451044798747,R3_drop_unweighted,0.5971747694965789,0.5989238112413585,22771,705901,0.5901034392483212,0.5937451044798747,0.6021309728658608,,,,,,,
no_shift,late,4,0,0.5853147029840564,R4_ipw_pure,0.592228446693596,0.5927040577096484,22771,705901,0.5877533085100071,0.5853147029840564,0.60300998387559,,,,,,,
no_shift,late,4,0,0.49853197564241863,R6_no_retrain,0.5215764250058583,0.5232046925522129,25153,779743,0.5148664585476104,0.49853197564241863,0.5200020110437656,,,,,,,
no_shift,late,4,0,0.5733266796371631,R7_incremental,0.5861776655059606,0.5885944458106765,22771,705901,0.5801691490883517,0.5733266796371631,0.5910112495525448,,,,,,,
no_shift,late,4,0,0.5937451044798747,R5_asymmetric,0.5971747694965789,0.5989238112413585,22771,705901,0.5901034392483212,0.5937451044798747,0.6021309728658608,R3_drop_unweighted,-0.005716220595137785,-0.006219753531710115,R3_drop_unweighted,True,"7,8,9,10,11,12",6.0
reference,early,0,0,0.7335356776059774,R0_benchmark,0.6278248282201988,0.7281440991124633,25251,782781,0.7207574602602991,0.7281440991124633,0.7284681900554343,,,,,,,
reference,early,0,0,0.6974729343924019,R1_holdout_only,0.5899885440225302,0.6925059283981577,1251,38781,0.6855604291149316,0.6974729343924019,0.6880380281298287,,,,,,,
reference,early,0,0,0.736822888694161,R2_unflagged_only,0.6302707587202367,0.7295315205500715,23389,725059,0.7205960329960331,0.736822888694161,0.7339381525327091,,,,,,,
reference,early,0,0,0.7375778519000104,R3_drop_unweighted,0.6292629277098084,0.7281302777926331,23484,728004,0.7198071878330644,0.7375778519000104,0.729798388897275,,,,,,,
reference,early,0,0,0.7299363522439251,R4_ipw_pure,0.6295811970584947,0.7286417746099535,23484,728004,0.7201004558017744,0.7299363522439251,0.7258773940168329,,,,,,,
reference,early,0,0,0.7359854802084217,R6_no_retrain,0.6259240597041715,0.7264765136524626,25026,775806,0.7169349221492841,0.7359854802084217,0.7284005613373469,,,,,,,
reference,early,0,0,0.7352917620676334,R7_incremental,0.6251468653776855,0.7259127341964792,2507,77717,0.7170747127354723,0.7352917620676334,0.7275711328540676,,,,,,,
reference,early,0,0,0.7375778519000104,R5_asymmetric,0.6292629277098084,0.7281302777926331,23484,728004,0.7198071878330644,0.7375778519000104,0.729798388897275,R3_drop_unweighted,-0.003920994880442064,0.0005114968173204337,R4_ipw_pure,False,1,1.0
reference,early,1,0,0.6990275217244708,R0_benchmark,0.6156391070823131,0.7195975656240969,26064,807984,0.7204827071896389,0.7195975656240969,0.7253210432060149,,,,,,,
reference,early,1,0,0.654474689379832,R1_holdout_only,0.5759719849441671,0.6813716643928626,1298,40238,0.6800881081032835,0.654474689379832,0.6774341196008283,,,,,,,
reference,early,1,0,0.6940153751611087,R2_unflagged_only,0.6168239017982856,0.7189733124804204,24191,749921,0.7180970567047906,0.6940153751611087,0.7193362381446813,,,,,,,
reference,early,1,0,0.6887442584615002,R3_drop_unweighted,0.6175351538523866,0.718942707836875,24273,752463,0.7213787265858804,0.6887442584615002,0.716952071871484,,,,,,,
reference,early,1,0,0.6914551374668423,R4_ipw_pure,0.6186999994566723,0.7201845550372917,24273,752463,0.720811209065822,0.6914551374668423,0.7176654813326445,,,,,,,
reference,early,1,0,0.6936826350887033,R6_no_retrain,0.6135801606307545,0.7176525668001524,25990,805690,0.7178192619594964,0.6936826350887033,0.7197044942059766,,,,,,,
reference,early,1,0,0.6947256046365624,R7_incremental,0.6143842065100307,0.7181795256279788,2514,77934,0.7188518685837845,0.6947256046365624,0.7205238142379344,,,,,,,
reference,early,1,0,0.6914551374668423,R5_asymmetric,0.6186999994566723,0.7201845550372917,24273,752463,0.720811209065822,0.6914551374668423,0.7176654813326445,R4_ipw_pure,0.0007134094611604969,0.0012418472004167569,R4_ipw_pure,True,1,1.0
reference,early,2,0,0.7071013631291435,R0_benchmark,0.6232212232104192,0.7232558263495295,25385,786935,0.7237492911653309,0.7232558263495295,0.7291362847155032,,,,,,,
reference,early,2,0,0.6651875578910519,R1_holdout_only,0.5885552497793787,0.6895250143552153,1288,39928,0.6906203675395781,0.6651875578910519,0.6927978503799526,,,,,,,
reference,early,2,0,0.7026708743280992,R2_unflagged_only,0.6244096839246244,0.7242254924194886,23596,731476,0.7236930111209661,0.7026708743280992,0.7294965073603744,,,,,,,
reference,early,2,0,0.7078840319157471,R3_drop_unweighted,0.6271942951366484,0.7241490658409011,23712,735072,0.7210306493628861,0.7078840319157471,0.7302048289874514,,,,,,,
reference,early,2,0,0.7041306860864555,R4_ipw_pure,0.6256643317845875,0.7239517443993484,23712,735072,0.7212846876046247,0.7041306860864555,0.7306602047295461,,,,,,,
reference,early,2,0,0.7052782508332665,R6_no_retrain,0.6193843550755215,0.7204561368289151,25548,791988,0.719810139002102,0.7052782508332665,0.7289993894601232,,,,,,,
reference,early,2,0,0.7054229784627054,R7_incremental,0.6198913453969199,0.7207494241839637,2385,73935,0.7200000223694044,0.7054229784627054,0.7297129867954486,,,,,,,
reference,early,2,0,0.7041306860864555,R5_asymmetric,0.6256643317845875,0.7239517443993484,23712,735072,0.7212846876046247,0.7041306860864555,0.7306602047295461,R4_ipw_pure,0.0004553757420946436,-0.00019732144155271136,R3_drop_unweighted,False,1,1.0
reference,early,3,0,0.7552006096075721,R0_benchmark,0.6191743099476782,0.7237721576430445,25071,777201,0.7329855127715493,0.7237721576430445,0.7421958730239488,,,,,,,
reference,early,3,0,0.7180448321012701,R1_holdout_only,0.5838757207574254,0.6881468512474815,1242,38502,0.6944389675152242,0.7180448321012701,0.7048419341476938,,,,,,,
reference,early,3,0,0.7417898496419536,R2_unflagged_only,0.6178764159951415,0.7203900959541549,23232,720192,0.7324483343805475,0.7417898496419536,0.7317470759747297,,,,,,,
reference,early,3,0,0.7515765149896082,R3_drop_unweighted,0.6197043774348854,0.7229286392760077,23314,722734,0.7334756308760932,0.7515765149896082,0.7394855759201842,,,,,,,
reference,early,3,0,0.748136273237089,R4_ipw_pure,0.6191327849493767,0.7232189915479881,23314,722734,0.7330273996754811,0.748136273237089,0.739363727987213,,,,,,,
reference,early,3,0,0.7448812842449294,R6_no_retrain,0.6195550904003879,0.7229523673027983,25173,780363,0.7307758999551963,0.7448812842449294,0.7355074734000296,,,,,,,
reference,early,3,0,0.7436703751438393,R7_incremental,0.6195670341239656,0.7228211807580104,2327,72137,0.7309081671380437,0.7436703751438393,0.7354608194488469,,,,,,,
reference,early,3,0,0.7515765149896082,R5_asymmetric,0.6197043774348854,0.7229286392760077,23314,722734,0.7334756308760932,0.7515765149896082,0.7394855759201842,R3_drop_unweighted,-0.00012184793297120855,0.0002903522719803764,R4_ipw_pure,False,1,1.0
reference,early,4,0,0.7071986726752633,R0_benchmark,0.6221215411405068,0.7246162901141517,24966,773946,0.7337797172115468,0.7246162901141517,0.7298396052484263,,,,,,,
reference,early,4,0,0.6673886332383355,R1_holdout_only,0.5778156905866142,0.6836517111359617,1269,39339,0.6948407857513129,0.6673886332383355,0.6876274702565139,,,,,,,
reference,early,4,0,0.7101352728081015,R2_unflagged_only,0.622225954741898,0.7236477640120557,23215,719665,0.732613892307542,0.7101352728081015,0.7310414092055286,,,,,,,
reference,early,4,0,0.7082476632010507,R3_drop_unweighted,0.6225871878007819,0.7232891345294558,23314,722734,0.7316007401359221,0.7082476632010507,0.7298524425522991,,,,,,,
reference,early,4,0,0.707443664996926,R4_ipw_pure,0.6204515073030427,0.721964326569046,23314,722734,0.731899056688139,0.707443664996926,0.7305494306173103,,,,,,,
reference,early,4,0,0.7128352601946355,R6_no_retrain,0.6171576861202445,0.7205701100176283,25249,782719,0.7326829491718501,0.7128352601946355,0.729898020019968,,,,,,,
reference,early,4,0,0.7125254364215156,R7_incremental,0.6165402229804725,0.720165149881418,2345,72695,0.7327436952173306,0.7125254364215156,0.7295794216372676,,,,,,,
reference,early,4,0,0.707443664996926,R5_asymmetric,0.6204515073030427,0.721964326569046,23314,722734,0.731899056688139,0.707443664996926,0.7305494306173103,R4_ipw_pure,0.0006969880650111726,-0.0013248079604097907,R3_drop_unweighted,False,1,1.0
reference,late,0,0,0.732420690216958,R0_benchmark,0.6192673603176472,0.7254073551535714,24860,770660,0.7157856443038935,0.7254073551535714,0.7278429066617005,,,,,,,
reference,late,0,0,0.6847858583862816,R1_holdout_only,0.587866579413088,0.6902166311994427,1241,38471,0.6844555091279367,0.6847858583862816,0.6863155670433211,,,,,,,
reference,late,0,0,0.6656538464204875,R2_unflagged_only,0.6165972470664113,0.6604776209527949,13843,429133,0.6480378721915856,0.6656538464204875,0.6640478041668766,,,,,,,
reference,late,0,0,0.6926704744375002,R3_drop_unweighted,0.6188530936768568,0.6896027291993301,14361,445191,0.6821319157005554,0.6926704744375002,0.689761783711387,,,,,,,
reference,late,0,0,0.6878893129374083,R4_ipw_pure,0.6220977802672276,0.7001617730485254,14361,445191,0.6909739486771828,0.6878893129374083,0.6892306108820843,,,,,,,
reference,late,0,0,0.6858736381629802,R6_no_retrain,0.5586396428711484,0.6835293280662175,25353,785943,0.6599550803350769,0.6858736381629802,0.6836912134461084,,,,,,,
reference,late,0,0,0.68658640364104,R7_incremental,0.5607168486305933,0.6847240043956735,14361,445191,0.6609610815985447,0.68658640364104,0.6845303667631498,,,,,,,
reference,late,0,0,0.6878893129374083,R5_asymmetric,0.6220977802672276,0.7001617730485254,14361,445191,0.6909739486771828,0.6878893129374083,0.6892306108820843,R4_ipw_pure,0.005814895275656003,0.010559043849195371,R4_ipw_pure,True,"7,8,9,10,11,12",6.0
reference,late,1,0,0.7008530218539353,R0_benchmark,0.6094041190756624,0.7266902188610935,25528,791368,0.7182719056846552,0.7266902188610935,0.716806850622733,,,,,,,
reference,late,1,0,0.648424225304451,R1_holdout_only,0.5679121374403062,0.6894312233694103,1242,38502,0.6864780779924647,0.648424225304451,0.6792087750290767,,,,,,,
reference,late,1,0,0.6264469754216715,R2_unflagged_only,0.6024034328569221,0.643899558129269,14207,440417,0.6460746931073793,0.6264469754216715,0.6490671331121214,,,,,,,
reference,late,1,0,0.6698083222087278,R3_drop_unweighted,0.6069375481661682,0.6958794263245883,14764,457684,0.6930822055275351,0.6698083222087278,0.6872924732668186,,,,,,,
reference,late,1,0,0.6779071784893383,R4_ipw_pure,0.6118056188776336,0.706895990745507,14764,457684,0.700365576124767,0.6779071784893383,0.6959129298367324,,,,,,,
reference,late,1,0,0.6259647100265795,R6_no_retrain,0.5406385948615903,0.6786844375644294,25616,794096,0.6645902605184398,0.6259647100265795,0.6685999160448503,,,,,,,
reference,late,1,0,0.6380019873731544,R7_incremental,0.5481751553569595,0.6834487609347332,14764,457684,0.6693416304395384,0.6380019873731544,0.6732307366753468,,,,,,,
reference,late,1,0,0.6779071784893383,R5_asymmetric,0.6118056188776336,0.706895990745507,14764,457684,0.700365576124767,0.6779071784893383,0.6959129298367324,R4_ipw_pure,0.009444502090346418,0.011016564420918695,R4_ipw_pure,True,"7,8,9,10,11,12",6.0
reference,late,2,0,0.7152732370104758,R0_benchmark,0.6269800160887151,0.7315685992734796,24690,765390,0.7332078983964331,0.7315685992734796,0.7255175261000587,,,,,,,
reference,late,2,0,0.6800712314560923,R1_holdout_only,0.5865133561331313,0.6973388810030768,1228,38068,0.6995777064005185,0.6800712314560923,0.6953951743466881,,,,,,,
reference,late,2,0,0.6599893218730226,R2_unflagged_only,0.6195294371124624,0.6695988879328725,13731,425661,0.6620588666244038,0.6599893218730226,0.667094177977306,,,,,,,
reference,late,2,0,0.6998018174787318,R3_drop_unweighted,0.626308308632472,0.7042845448481042,14302,443362,0.6983319178350494,0.6998018174787318,0.7021443869431726,,,,,,,
reference,late,2,0,0.7012728063699641,R4_ipw_pure,0.6262525863619073,0.7140506984196596,14302,443362,0.7100518884129011,0.7012728063699641,0.7097817571541605,,,,,,,
reference,late,2,0,0.663825098432117,R6_no_retrain,0.5527193151280241,0.6819407632607625,25076,777356,0.6799954024249112,0.663825098432117,0.6768984951535879,,,,,,,
reference,late,2,0,0.6679946213878929,R7_incremental,0.5613694619414817,0.6877071777302496,14302,443362,0.6853043014444218,0.6679946213878929,0.6832591249240635,,,,,,,
reference,late,2,0,0.7012728063699641,R5_asymmetric,0.6262525863619073,0.7140506984196596,14302,443362,0.7100518884129011,0.7012728063699641,0.7097817571541605,R4_ipw_pure,0.011418422681257626,0.009766153571555414,R4_ipw_pure,True,"7,8,9,10,11,12",6.0
reference,late,3,0,0.7158447756107214,R0_benchmark,0.6097829345085206,0.7191447093380965,25582,793042,0.7100189649848387,0.7191447093380965,0.7270561554481345,,,,,,,
reference,late,3,0,0.6564649354990806,R1_holdout_only,0.5689427748320852,0.6840741948466524,1253,38843,0.6774075559482725,0.6564649354990806,0.6823834302655976,,,,,,,
reference,late,3,0,0.6441410313660824,R2_unflagged_only,0.605407005842198,0.6592156637495263,14290,442990,0.6548014957047911,0.6441410313660824,0.6606458645552382,,,,,,,
reference,late,3,0,0.6738655896139925,R3_drop_unweighted,0.6099955095522217,0.689895810805313,14854,460474,0.6813659588220411,0.6738655896139925,0.6851122101631454,,,,,,,
reference,late,3,0,0.6715917506219041,R4_ipw_pure,0.6107322240415205,0.6970870119299918,14854,460474,0.6894302069892385,0.6715917506219041,0.6875177658339165,,,,,,,
reference,late,3,0,0.6674320971496702,R6_no_retrain,0.5414368986692032,0.6719697398218694,25010,775310,0.6591226879057168,0.6674320971496702,0.6785600656033721,,,,,,,
reference,late,3,0,0.67250673621683,R7_incremental,0.5494282699113253,0.6765530287349788,14854,460474,0.6635902778838368,0.67250673621683,0.682825273422556,,,,,,,
reference,late,3,0,0.6715917506219041,R5_asymmetric,0.6107322240415205,0.6970870119299918,14854,460474,0.6894302069892385,0.6715917506219041,0.6875177658339165,R4_ipw_pure,0.007745100940889186,0.007191201124678748,R4_ipw_pure,True,"7,8,9,10,11,12",6.0
reference,late,4,0,0.7422939240137864,R0_benchmark,0.6151091011456539,0.7200102890515758,25059,776829,0.7221893161606898,0.7200102890515758,0.7262256871726754,,,,,,,
reference,late,4,0,0.7065657769919105,R1_holdout_only,0.5721151659109799,0.6832230720708022,1225,37975,0.6840869572199374,0.7065657769919105,0.6895265109351535,,,,,,,
reference,late,4,0,0.6708371138575178,R2_unflagged_only,0.608213020898451,0.6557971944040042,13927,431737,0.6597969594094566,0.6708371138575178,0.6649033246522524,,,,,,,
reference,late,4,0,0.7116567108562203,R3_drop_unweighted,0.613593144817263,0.6882462897715012,14492,449252,0.6920119121910014,0.7116567108562203,0.706951674183884,,,,,,,
reference,late,4,0,0.7253964002184189,R4_ipw_pure,0.6173122001416992,0.7011845869310971,14492,449252,0.7027545749377525,0.7253964002184189,0.7169453357411187,,,,,,,
reference,late,4,0,0.7025302932241653,R6_no_retrain,0.5473431047089716,0.6757808347838088,25344,785664,0.6728628204449782,0.7025302932241653,0.6817935363228168,,,,,,,
reference,late,4,0,0.7054974240824293,R7_incremental,0.554512499053514,0.6799439302005605,14492,449252,0.6777763260447979,0.7054974240824293,0.6860639559531743,,,,,,,
reference,late,4,0,0.7253964002184189,R5_asymmetric,0.6173122001416992,0.7011845869310971,14492,449252,0.7027545749377525,0.7253964002184189,0.7169453357411187,R4_ipw_pure,0.007217242492647861,0.012938297159595935,R4_ipw_pure,True,"7,8,9,10,11,12",6.0
reference_drift,early,0,0,0.731585129400664,R0_benchmark,0.6273582336966183,0.7270922896414753,25244,782564,0.7144170224270239,0.7270922896414753,0.7174251420353805,,,,,,,
reference_drift,early,0,0,0.6817951223680065,R1_holdout_only,0.5837696619853792,0.6838394571104708,1230,38130,0.6807359934685978,0.6817951223680065,0.6761773030014334,,,,,,,
reference_drift,early,0,0,0.7314230694844661,R2_unflagged_only,0.6283578593763586,0.726618676906288,23352,723912,0.7139641383134426,0.7314230694844661,0.719648997451788,,,,,,,
reference_drift,early,0,0,0.7235294978069673,R3_drop_unweighted,0.6253357211596733,0.7250077766391213,23437,726547,0.7129676487714378,0.7235294978069673,0.7144982837626807,,,,,,,
reference_drift,early,0,0,0.7223349444132166,R4_ipw_pure,0.628221333128328,0.726061515719152,23437,726547,0.7129487523230918,0.7223349444132166,0.7132777134438175,,,,,,,
reference_drift,early,0,0,0.7309459446595569,R6_no_retrain,0.6254455867255929,0.725484191684011,24987,774597,0.7110004384062092,0.7309459446595569,0.7206189194243687,,,,,,,
reference_drift,early,0,0,0.7319953870968267,R7_incremental,0.6253410425889941,0.7255060898967538,2499,77469,0.7105823695497676,0.7319953870968267,0.7205881085770534,,,,,,,
reference_drift,early,0,0,0.7235294978069673,R5_asymmetric,0.6253357211596733,0.7250077766391213,23437,726547,0.7129676487714378,0.7235294978069673,0.7144982837626807,R3_drop_unweighted,-0.0012205703188631345,0.0010537390800307023,R4_ipw_pure,False,1,1.0
reference_drift,early,1,0,0.7026123726654885,R0_benchmark,0.619257765077666,0.7160248901283278,25912,803272,0.7161282601319937,0.7160248901283278,0.7261893818185824,,,,,,,
reference_drift,early,1,0,0.6671408101805821,R1_holdout_only,0.5752304620919154,0.6756534343773819,1288,39928,0.6741960783739389,0.6671408101805821,0.6846584097413951,,,,,,,
reference_drift,early,1,0,0.6955465609945962,R2_unflagged_only,0.6195617302868924,0.7143407350668166,24054,745674,0.7156862965958244,0.6955465609945962,0.7254541815015542,,,,,,,
reference_drift,early,1,0,0.6988702794690926,R3_drop_unweighted,0.6191381414613109,0.7137102737041847,24140,748340,0.7138177563891146,0.6988702794690926,0.7235302869266038,,,,,,,
reference_drift,early,1,0,0.6972513890345357,R4_ipw_pure,0.6192450493065945,0.715448183792832,24140,748340,0.7158138662138591,0.6972513890345357,0.7210892778753859,,,,,,,
reference_drift,early,1,0,0.6989279338119443,R6_no_retrain,0.6148887426987301,0.7124254388349242,25877,802187,0.7128767533898746,0.6989279338119443,0.7229067213960823,,,,,,,
reference_drift,early,1,0,0.6984427670777602,R7_incremental,0.615642353467759,0.71279040717706,2494,77314,0.7133627785200376,0.6984427670777602,0.7231715875283313,,,,,,,
reference_drift,early,1,0,0.6988702794690926,R5_asymmetric,0.6191381414613109,0.7137102737041847,24140,748340,0.7138177563891146,0.6988702794690926,0.7235302869266038,R3_drop_unweighted,-0.002441009051217913,0.0017379100886473209,R4_ipw_pure,False,1,1.0
reference_drift,early,2,0,0.7057970158443772,R0_benchmark,0.6197419324270411,0.7214549363577918,25336,785416,0.7183521516902193,0.7214549363577918,0.7272605735537019,,,,,,,
reference_drift,early,2,0,0.6443123483042292,R1_holdout_only,0.5828650924715026,0.6843432556905613,1297,40207,0.6827215867772769,0.6443123483042292,0.6804223603880762,,,,,,,
reference_drift,early,2,0,0.6970903945700969,R2_unflagged_only,0.6196504565588711,0.7190555592957162,23561,730391,0.7173741640947112,0.6970903945700969,0.724393712328443,,,,,,,
reference_drift,early,2,0,0.7005210011383894,R3_drop_unweighted,0.6215901860246201,0.7209282865316877,23674,733894,0.7159189186833173,0.7005210011383894,0.7264305761403281,,,,,,,
reference_drift,early,2,0,0.6920428184805721,R4_ipw_pure,0.6230913364656381,0.7215629402301591,23674,733894,0.7167426760321453,0.6920428184805721,0.7218437473193152,,,,,,,
reference_drift,early,2,0,0.7025662091629615,R6_no_retrain,0.6152357288950397,0.7187211878194641,25542,791802,0.7177245351465537,0.7025662091629615,0.7228960200256851,,,,,,,
reference_drift,early,2,0,0.7018473323023391,R7_incremental,0.6152146857109303,0.7185164438379206,2353,72943,0.7178661484450142,0.7018473323023391,0.7227460017256289,,,,,,,
reference_drift,early,2,0,0.7005210011383894,R5_asymmetric,0.6215901860246201,0.7209282865316877,23674,733894,0.7159189186833173,0.7005210011383894,0.7264305761403281,R3_drop_unweighted,-0.0045868288210129116,0.0006346536984713769,R4_ipw_pure,False,1,1.0
reference_drift,early,3,0,0.7430160897312647,R0_benchmark,0.6133815854718023,0.7187350869766292,25068,777108,0.7272241247482248,0.7187350869766292,0.740470861014009,,,,,,,
reference_drift,early,3,0,0.7216821284368391,R1_holdout_only,0.586173316976098,0.6884833733365416,1247,38657,0.6878593016431983,0.7216821284368391,0.7124748250152435,,,,,,,
reference_drift,early,3,0,0.7455729205182435,R2_unflagged_only,0.6156781030472454,0.71890314277721,23225,719975,0.7265097580970045,0.7455729205182435,0.7379013863190383,,,,,,,
reference_drift,early,3,0,0.7446575547601791,R3_drop_unweighted,0.6160770415105826,0.7197045786248071,23306,722486,0.7269454831053129,0.7446575547601791,0.7407524836702614,,,,,,,
reference_drift,early,3,0,0.741443259802109,R4_ipw_pure,0.6196442523812984,0.7212967746983535,23306,722486,0.7277994673618402,0.741443259802109,0.7410886168890964,,,,,,,
reference_drift,early,3,0,0.7492547198763552,R6_no_retrain,0.6176712823159514,0.7197889901067673,25185,780735,0.7265979796866556,0.7492547198763552,0.7397373821454131,,,,,,,
reference_drift,early,3,0,0.7490201588451925,R7_incremental,0.6176013483482579,0.719641012822562,2307,71517,0.7268343652814564,0.7490201588451925,0.7397869044327993,,,,,,,
reference_drift,early,3,0,0.741443259802109,R5_asymmetric,0.6196442523812984,0.7212967746983535,23306,722486,0.7277994673618402,0.741443259802109,0.7410886168890964,R4_ipw_pure,0.0003361332188350774,0.0015921960735464369,R4_ipw_pure,True,1,1.0
reference_drift,early,4,0,0.7017496594568775,R0_benchmark,0.6211073342302964,0.7214825343607087,25057,776767,0.7328352777262427,0.7214825343607087,0.7282918860907013,,,,,,,
reference_drift,early,4,0,0.6613675742476519,R1_holdout_only,0.5790797497292819,0.6833405689376811,1279,39649,0.6951679889240072,0.6613675742476519,0.6841811293490658,,,,,,,
reference_drift,early,4,0,0.6971035614368676,R2_unflagged_only,0.621669907331309,0.7208412170532371,23288,721928,0.7327822461427402,0.6971035614368676,0.7278646447163564,,,,,,,
reference_drift,early,4,0,0.7063580760447403,R3_drop_unweighted,0.6235782373060713,0.7221327150220658,23387,724997,0.7319029087758736,0.7063580760447403,0.7297667021458485,,,,,,,
reference_drift,early,4,0,0.7024969702549092,R4_ipw_pure,0.6240857650536206,0.7222143717651506,23387,724997,0.7313683561130986,0.7024969702549092,0.7284213742614117,,,,,,,
reference_drift,early,4,0,0.7008152953220195,R6_no_retrain,0.6206986974615891,0.7208086251767012,25289,783959,0.7313797452152568,0.7008152953220195,0.7265406087268553,,,,,,,
reference_drift,early,4,0,0.7000988968365874,R7_incremental,0.6222219329532097,0.7215709866607846,2378,73718,0.7323131208209512,0.7000988968365874,0.7272068883168914,,,,,,,
reference_drift,early,4,0,0.7063580760447403,R5_asymmetric,0.6235782373060713,0.7221327150220658,23387,724997,0.7319029087758736,0.7063580760447403,0.7297667021458485,R3_drop_unweighted,-0.0013453278844367533,8.165674308480142e-05,R4_ipw_pure,False,1,1.0
reference_drift,late,0,0,0.7357749309344361,R0_benchmark,0.6166943389915858,0.7155417004409715,24840,770040,0.7071921646103958,0.7155417004409715,0.7272760344732512,,,,,,,
reference_drift,late,0,0,0.701022918123433,R1_holdout_only,0.5817525422019182,0.6805782304149097,1238,38378,0.6714516608501886,0.701022918123433,0.6901206211854966,,,,,,,
reference_drift,late,0,0,0.6524330054138069,R2_unflagged_only,0.6152578323054668,0.6487956111244161,14103,437193,0.6404348616022068,0.6524330054138069,0.6437917356008833,,,,,,,
reference_drift,late,0,0,0.6991065999871273,R3_drop_unweighted,0.6153126151590741,0.6783596352172875,14600,452600,0.6719697595414288,0.6991065999871273,0.6884330092338827,,,,,,,
reference_drift,late,0,0,0.7108269683451324,R4_ipw_pure,0.6203600180535546,0.6852319914115912,14600,452600,0.6790029148605614,0.7108269683451324,0.6996207652676707,,,,,,,
reference_drift,late,0,0,0.6796411819267036,R6_no_retrain,0.5491390744741742,0.6542898463897606,25407,787617,0.6315673840206815,0.6796411819267036,0.6655053299371513,,,,,,,
reference_drift,late,0,0,0.6807053633787021,R7_incremental,0.5514518657208497,0.6554746460748941,14600,452600,0.6326472804973617,0.6807053633787021,0.6670755897460364,,,,,,,
reference_drift,late,0,0,0.7108269683451324,R5_asymmetric,0.6203600180535546,0.6852319914115912,14600,452600,0.6790029148605614,0.7108269683451324,0.6996207652676707,R4_ipw_pure,0.009389769785337287,0.006872356194303708,R4_ipw_pure,True,"7,8,9,10,11,12",6.0
reference_drift,late,1,0,0.695967550976444,R0_benchmark,0.6125851917832934,0.7183623828385982,25640,794840,0.7090853993874391,0.7183623828385982,0.7195734852920768,,,,,,,
reference_drift,late,1,0,0.6423855355620004,R1_holdout_only,0.5687298798152904,0.6789574776225772,1260,39060,0.6689467255451123,0.6423855355620004,0.6737278071311024,,,,,,,
reference_drift,late,1,0,0.6211381549313578,R2_unflagged_only,0.6051076221308277,0.6369831606634005,14529,450399,0.6347217450037114,0.6211381549313578,0.636893152742044,,,,,,,
reference_drift,late,1,0,0.6676129333198025,R3_drop_unweighted,0.6110663620303397,0.6830872225667539,15061,466891,0.6764343377190948,0.6676129333198025,0.6830134809376667,,,,,,,
reference_drift,late,1,0,0.6759978083645343,R4_ipw_pure,0.6150963917108756,0.6921145658296052,15061,466891,0.6825393333690356,0.6759978083645343,0.6877327216797422,,,,,,,
reference_drift,late,1,0,0.6182528428057918,R6_no_retrain,0.5340786582072167,0.6542589245690414,25543,791833,0.6351541480860546,0.6182528428057918,0.6558544601152939,,,,,,,
reference_drift,late,1,0,0.6236709537976183,R7_incremental,0.5400801611189913,0.6575197997158514,15061,466891,0.6389290202744243,0.6236709537976183,0.6592173499413925,,,,,,,
reference_drift,late,1,0,0.6759978083645343,R5_asymmetric,0.6150963917108756,0.6921145658296052,15061,466891,0.6825393333690356,0.6759978083645343,0.6877327216797422,R4_ipw_pure,0.006698528045075684,0.009027343262851262,R4_ipw_pure,True,"7,8,9,10,11,12",6.0
reference_drift,late,2,0,0.7072186258331232,R0_benchmark,0.6188624836634469,0.7205580479386562,24737,766847,0.717340093539476,0.7205580479386562,0.7181046957533102,,,,,,,
reference_drift,late,2,0,0.6805880344566893,R1_holdout_only,0.5750821419183978,0.6829780997379781,1224,37944,0.6754299522888568,0.6805880344566893,0.6856586869048983,,,,,,,
reference_drift,late,2,0,0.6747305417887165,R2_unflagged_only,0.6198119744901726,0.6571041327343,14017,434527,0.6382912326840285,0.6747305417887165,0.6787582362684347,,,,,,,
reference_drift,late,2,0,0.6904136735646884,R3_drop_unweighted,0.624146063168253,0.6935900049289517,14567,451577,0.6795657403533341,0.6904136735646884,0.6970177296166236,,,,,,,
reference_drift,late,2,0,0.7095406226374704,R4_ipw_pure,0.623010462410265,0.7039715510987588,14567,451577,0.692863241514782,0.7095406226374704,0.7121716150411473,,,,,,,
reference_drift,late,2,0,0.6453333351398077,R6_no_retrain,0.5395086483199437,0.6580715080747385,25054,776674,0.6454766003780851,0.6453333351398077,0.6474762800162562,,,,,,,
reference_drift,late,2,0,0.6531860785870481,R7_incremental,0.5477708727006695,0.6634940383475492,14567,451577,0.651085137753466,0.6531860785870481,0.6530798266703569,,,,,,,
reference_drift,late,2,0,0.7095406226374704,R5_asymmetric,0.623010462410265,0.7039715510987588,14567,451577,0.692863241514782,0.7095406226374704,0.7121716150411473,R4_ipw_pure,0.014053830575977533,0.010381546169807021,R4_ipw_pure,True,"7,8,9,10,11,12",6.0
reference_drift,late,3,0,0.7054486955855197,R0_benchmark,0.601463198437637,0.7116257042239752,25415,787865,0.7056739868065393,0.7116257042239752,0.7176511718129382,,,,,,,
reference_drift,late,3,0,0.6491912699013249,R1_holdout_only,0.5653988120322109,0.673712789886123,1221,37851,0.6685074018330878,0.6491912699013249,0.6733673195830961,,,,,,,
reference_drift,late,3,0,0.6459689283331188,R2_unflagged_only,0.5995551726859042,0.6480157301491705,14403,446493,0.6438091307955807,0.6459689283331188,0.6550484696146317,,,,,,,
reference_drift,late,3,0,0.6684126995046105,R3_drop_unweighted,0.6030475924110273,0.678500255973681,14928,462768,0.6727052347156803,0.6684126995046105,0.6821905165311672,,,,,,,
reference_drift,late,3,0,0.6672540716580369,R4_ipw_pure,0.6053312983419129,0.6846824403717169,14928,462768,0.6801202813799352,0.6672540716580369,0.6842988358368934,,,,,,,
reference_drift,late,3,0,0.6391631935675026,R6_no_retrain,0.5287610152091036,0.6506515702986924,24971,774101,0.6395862277125142,0.6391631935675026,0.6458032354981249,,,,,,,
reference_drift,late,3,0,0.6416551770224149,R7_incremental,0.5355854116193627,0.6543721562330964,14928,462768,0.6434140831703622,0.6416551770224149,0.6496850450646149,,,,,,,
reference_drift,late,3,0,0.6672540716580369,R5_asymmetric,0.6053312983419129,0.6846824403717169,14928,462768,0.6801202813799352,0.6672540716580369,0.6842988358368934,R4_ipw_pure,0.01205166236825215,0.0061821843980358615,R4_ipw_pure,True,"7,8,9,10,11,12",6.0
reference_drift,late,4,0,0.7381736867372465,R0_benchmark,0.6096764958620073,0.7100447601862795,25237,782347,0.707915717052159,0.7100447601862795,0.7163003559322686,,,,,,,
reference_drift,late,4,0,0.6797458119614928,R1_holdout_only,0.5644478032686051,0.6665213868116996,1227,38037,0.6728246448281631,0.6797458119614928,0.6656180068938974,,,,,,,
reference_drift,late,4,0,0.655954215832428,R2_unflagged_only,0.6068044391792577,0.644993018364531,14415,446865,0.6433885792784225,0.655954215832428,0.6478706246651378,,,,,,,
reference_drift,late,4,0,0.6959218738156,R3_drop_unweighted,0.6077963318521741,0.6785947595946548,14952,463512,0.6739449963027266,0.6959218738156,0.6799069173250605,,,,,,,
reference_drift,late,4,0,0.698008944589029,R4_ipw_pure,0.6087303859018763,0.6883609899765166,14952,463512,0.6820596765374474,0.698008944589029,0.6898807215444664,,,,,,,
reference_drift,late,4,0,0.6811190843166485,R6_no_retrain,0.5339007359478781,0.6478275263919381,25312,784672,0.643897741786891,0.6811190843166485,0.6563609969164483,,,,,,,
reference_drift,late,4,0,0.6836824418222706,R7_incremental,0.5405306575694603,0.6513278651433463,14952,463512,0.6479760017656985,0.6836824418222706,0.6599107592878541,,,,,,,
reference_drift,late,4,0,0.698008944589029,R5_asymmetric,0.6087303859018763,0.6883609899765166,14952,463512,0.6820596765374474,0.698008944589029,0.6898807215444664,R4_ipw_pure,0.007726167051989512,0.009766230381861862,R4_ipw_pure,True,"7,8,9,10,11,12",6.0
