scenario_id,period,dgp_seed,method,test_mean,test_sd,valid_mean,n,training_rows,positives,selected_endpoint,label,region_shift,drift_per_month,region_drift_per_month,trigger_rate,holdout_pct,base_rate,policy_noise,amount_weight,ceiling,pct_of_ceiling,method_label,rank,regret_vs_best_deployable
high_trigger_low_holdout,early,0,R0_benchmark,0.6003442592216822,0.0027678334336791095,0.6071462202434433,5,784262.8,25298.8,,No shift; 12% trigger; 2% holdout,0.0,0.02,0.0,0.12,0.02,0.01,1.8,0.7,0.6003442592216822,1.0,uncensored benchmark,,
high_trigger_low_holdout,early,0,R1_holdout_only,0.5434179501691905,0.008654720917149146,0.5430652963454052,5,15239.6,491.6,,No shift; 12% trigger; 2% holdout,0.0,0.02,0.0,0.12,0.02,0.01,1.8,0.7,0.6003442592216822,0.9051772242707976,holdout only,7.0,-0.057333790887033276
high_trigger_low_holdout,early,0,R2_unflagged_only,0.6007517410562238,0.0021204036476797543,0.5922727535451954,5,758960.6,24482.6,,No shift; 12% trigger; 2% holdout,0.0,0.02,0.0,0.12,0.02,0.01,1.8,0.7,0.6003442592216822,1.0006787469494083,no holdout,1.0,0.0
high_trigger_low_holdout,early,0,R3_drop_unweighted,0.6000235380068982,0.002784067663833094,0.5932037103623138,5,759481.4,24499.4,,No shift; 12% trigger; 2% holdout,0.0,0.02,0.0,0.12,0.02,0.01,1.8,0.7,0.6003442592216822,0.9994657711640321,dropping,4.0,-0.0007282030493255265
high_trigger_low_holdout,early,0,R4_ipw_pure,0.6006236065448999,0.002588417286579175,0.5918354333511318,5,759481.4,24499.4,,No shift; 12% trigger; 2% holdout,0.0,0.02,0.0,0.12,0.02,0.01,1.8,0.7,0.6003442592216822,1.0004653118921798,IPW,2.0,-0.0001281345113238741
high_trigger_low_holdout,early,0,R5_asymmetric,0.6004873758676041,0.0029076110259598953,0.594195669093353,5,759481.4,24499.4,mixed,No shift; 12% trigger; 2% holdout,0.0,0.02,0.0,0.12,0.02,0.01,1.8,0.7,0.6003442592216822,1.0002383909627244,Asymmetric IPW,3.0,-0.00026436518861960856
high_trigger_low_holdout,early,0,R6_no_retrain,0.5978975808370467,0.0018861681243168681,0.5901967668010383,5,783177.8,25263.8,,No shift; 12% trigger; 2% holdout,0.0,0.02,0.0,0.12,0.02,0.01,1.8,0.7,0.6003442592216822,0.9959245410494846,no retraining,6.0,-0.00285416021917706
high_trigger_low_holdout,early,0,R7_incremental,0.5980135757712437,0.0020466429075101595,0.589520748139817,5,107706.4,3474.4,,No shift; 12% trigger; 2% holdout,0.0,0.02,0.0,0.12,0.02,0.01,1.8,0.7,0.6003442592216822,0.9961177550802932,incremental,5.0,-0.002738165284980054
high_trigger_low_holdout,late,0,R0_benchmark,0.596674665192047,0.006856520497486726,0.5999871628268896,5,781243.4,25201.4,,No shift; 12% trigger; 2% holdout,0.0,0.02,0.0,0.12,0.02,0.01,1.8,0.7,0.596674665192047,1.0,uncensored benchmark,,
high_trigger_low_holdout,late,0,R1_holdout_only,0.5444211408388594,0.00808505321059403,0.5445564274073024,5,15586.8,502.8,,No shift; 12% trigger; 2% holdout,0.0,0.02,0.0,0.12,0.02,0.01,1.8,0.7,0.596674665192047,0.912425434828259,holdout only,6.0,-0.05057024757823603
high_trigger_low_holdout,late,0,R2_unflagged_only,0.5949913884170954,0.006167874725166233,0.5973563672230217,5,629895.2,20319.2,,No shift; 12% trigger; 2% holdout,0.0,0.02,0.0,0.12,0.02,0.01,1.8,0.7,0.596674665192047,0.9971789035580891,no holdout,1.0,0.0
high_trigger_low_holdout,late,0,R3_drop_unweighted,0.594931991475681,0.006794472172764485,0.5926245702108017,5,632697.6,20409.6,,No shift; 12% trigger; 2% holdout,0.0,0.02,0.0,0.12,0.02,0.01,1.8,0.7,0.596674665192047,0.9970793569460417,dropping,2.0,-5.9396941414435744e-05
high_trigger_low_holdout,late,0,R4_ipw_pure,0.5800107985784357,0.004977795029141191,0.5801181959050421,5,632697.6,20409.6,,No shift; 12% trigger; 2% holdout,0.0,0.02,0.0,0.12,0.02,0.01,1.8,0.7,0.596674665192047,0.972072106315679,IPW,4.0,-0.014980589838659686
high_trigger_low_holdout,late,0,R5_asymmetric,0.594931991475681,0.006794472172764485,0.5926245702108017,5,632697.6,20409.6,R3_drop_unweighted,No shift; 12% trigger; 2% holdout,0.0,0.02,0.0,0.12,0.02,0.01,1.8,0.7,0.596674665192047,0.9970793569460417,Asymmetric IPW,2.0,-5.9396941414435744e-05
high_trigger_low_holdout,late,0,R6_no_retrain,0.5149298532308954,0.003363336043796231,0.5207339972828855,5,782613.6,25245.6,,No shift; 12% trigger; 2% holdout,0.0,0.02,0.0,0.12,0.02,0.01,1.8,0.7,0.596674665192047,0.8629993583943418,no retraining,7.0,-0.08006153518620007
high_trigger_low_holdout,late,0,R7_incremental,0.5727980837905104,0.017922934767403694,0.5801517140968875,5,632697.6,20409.6,,No shift; 12% trigger; 2% holdout,0.0,0.02,0.0,0.12,0.02,0.01,1.8,0.7,0.596674665192047,0.9599839195554722,incremental,5.0,-0.022193304626584975
low_base_high_holdout,early,0,R0_benchmark,0.8215271438580374,0.0232712797792032,0.8345703623887204,5,79750.6,2572.6,,0.1% base rate; 20% holdout,1.5,0.02,0.0,0.06,0.2,0.001,1.8,0.7,0.8215271438580374,1.0,uncensored benchmark,,
low_base_high_holdout,early,0,R1_holdout_only,0.8054753679112219,0.02199361450095374,0.794290321345094,5,16138.6,520.6,,0.1% base rate; 20% holdout,1.5,0.02,0.0,0.06,0.2,0.001,1.8,0.7,0.8215271438580374,0.9804610522405461,holdout only,6.0,-0.01584512110994929
low_base_high_holdout,early,0,R2_unflagged_only,0.8206015939593272,0.021886780344199067,0.820154438766609,5,70965.2,2289.2,,0.1% base rate; 20% holdout,1.5,0.02,0.0,0.06,0.2,0.001,1.8,0.7,0.8215271438580374,0.9988733787974873,no holdout,3.0,-0.0007188950618439716
low_base_high_holdout,early,0,R3_drop_unweighted,0.8204192447936608,0.025420525379319044,0.8187679144479277,5,72651.6,2343.6,,0.1% base rate; 20% holdout,1.5,0.02,0.0,0.06,0.2,0.001,1.8,0.7,0.8215271438580374,0.9986514151447587,dropping,4.0,-0.0009012442275103671
low_base_high_holdout,early,0,R4_ipw_pure,0.8197942597797887,0.025867913579118194,0.8214538517015443,5,72651.6,2343.6,,0.1% base rate; 20% holdout,1.5,0.02,0.0,0.06,0.2,0.001,1.8,0.7,0.8215271438580374,0.9978906551156536,IPW,5.0,-0.0015262292413824596
low_base_high_holdout,early,0,R5_asymmetric,0.820653599074603,0.02411708713453774,0.8228956388761006,5,72651.6,2343.6,mixed,0.1% base rate; 20% holdout,1.5,0.02,0.0,0.06,0.2,0.001,1.8,0.7,0.8215271438580374,0.9989366817761711,Asymmetric IPW,2.0,-0.000666889946568161
low_base_high_holdout,early,0,R6_no_retrain,0.8213204890211712,0.024468421082992502,0.8177611544069034,5,80147.4,2585.4,,0.1% base rate; 20% holdout,1.5,0.02,0.0,0.06,0.2,0.001,1.8,0.7,0.8215271438580374,0.9997484503848579,no retraining,1.0,0.0
low_base_high_holdout,early,0,R7_incremental,0.7725217841100666,0.02128668568803824,0.7750373231108203,5,5970.6,192.6,,0.1% base rate; 20% holdout,1.5,0.02,0.0,0.06,0.2,0.001,1.8,0.7,0.8215271438580374,0.9403484594339355,incremental,7.0,-0.04879870491110461
low_base_high_holdout,late,0,R0_benchmark,0.8268581816091134,0.012152190006820218,0.816644124749607,5,77946.4,2514.4,,0.1% base rate; 20% holdout,1.5,0.02,0.0,0.06,0.2,0.001,1.8,0.7,0.8268581816091134,1.0,uncensored benchmark,,
low_base_high_holdout,late,0,R1_holdout_only,0.8013379997327297,0.014335615122599248,0.787464760790537,5,14991.6,483.6,,0.1% base rate; 20% holdout,1.5,0.02,0.0,0.06,0.2,0.001,1.8,0.7,0.8268581816091134,0.969135962558029,holdout only,4.0,-0.019800267314345588
low_base_high_holdout,late,0,R2_unflagged_only,0.7368335136040158,0.015470009703027036,0.7512232586545468,5,25240.2,814.2,,0.1% base rate; 20% holdout,1.5,0.02,0.0,0.06,0.2,0.001,1.8,0.7,0.8268581816091134,0.891124415277715,no holdout,7.0,-0.08430475344305943
low_base_high_holdout,late,0,R3_drop_unweighted,0.8166594468182803,0.008494592866832766,0.810645713653271,5,35606.6,1148.6,,0.1% base rate; 20% holdout,1.5,0.02,0.0,0.06,0.2,0.001,1.8,0.7,0.8268581816091134,0.987665678325894,dropping,3.0,-0.004478820228794977
low_base_high_holdout,late,0,R4_ipw_pure,0.8211382670470753,0.011245985298294374,0.8219441698094979,5,35606.6,1148.6,,0.1% base rate; 20% holdout,1.5,0.02,0.0,0.06,0.2,0.001,1.8,0.7,0.8268581816091134,0.9930823511343785,IPW,1.0,0.0
low_base_high_holdout,late,0,R5_asymmetric,0.818997439182666,0.008734373460199053,0.8178096528837451,5,35606.6,1148.6,mixed,0.1% base rate; 20% holdout,1.5,0.02,0.0,0.06,0.2,0.001,1.8,0.7,0.8268581816091134,0.990493239830862,Asymmetric IPW,2.0,-0.002140827864409278
low_base_high_holdout,late,0,R6_no_retrain,0.7986064491733127,0.007207798198232257,0.7741018732937867,5,77444.2,2498.2,,0.1% base rate; 20% holdout,1.5,0.02,0.0,0.06,0.2,0.001,1.8,0.7,0.8268581816091134,0.9658324328595005,no retraining,5.0,-0.022531817873762572
low_base_high_holdout,late,0,R7_incremental,0.7678495540891472,0.017030566177858985,0.755303691572101,5,35606.6,1148.6,,0.1% base rate; 20% holdout,1.5,0.02,0.0,0.06,0.2,0.001,1.8,0.7,0.8268581816091134,0.9286351289345266,incremental,6.0,-0.05328871295792803
low_shift,early,0,R0_benchmark,0.6007249494395273,0.0027946575369886856,0.6067518207346276,5,784070.6,25292.6,,Low shift + regional drift,0.25,0.02,0.02,0.06,0.05,0.01,1.8,0.7,0.6007249494395273,1.0,uncensored benchmark,,
low_shift,early,0,R1_holdout_only,0.5657438023787693,0.003043374712168567,0.5575363954214544,5,39221.2,1265.2,,Low shift + regional drift,0.25,0.02,0.02,0.06,0.05,0.01,1.8,0.7,0.6007249494395273,0.9417684464522489,holdout only,7.0,-0.03592613015418966
low_shift,early,0,R2_unflagged_only,0.601669932532959,0.0029228197143480175,0.5851697913038384,5,769302.2,24816.2,,Low shift + regional drift,0.25,0.02,0.02,0.06,0.05,0.01,1.8,0.7,0.6007249494395273,1.0015730711606259,no holdout,1.0,0.0
low_shift,early,0,R3_drop_unweighted,0.6008925871594035,0.0031794257399125137,0.5832725223506658,5,770201.2,24845.2,,Low shift + regional drift,0.25,0.02,0.02,0.06,0.05,0.01,1.8,0.7,0.6007249494395273,1.000279059026985,dropping,2.0,-0.0007773453735554492
low_shift,early,0,R4_ipw_pure,0.6006964447763472,0.0022585616969748815,0.5857951218457427,5,770201.2,24845.2,,Low shift + regional drift,0.25,0.02,0.02,0.06,0.05,0.01,1.8,0.7,0.6007249494395273,0.999952549559983,IPW,4.0,-0.0009734877566117683
low_shift,early,0,R5_asymmetric,0.6007808694448556,0.0021532132670595136,0.5856873608158871,5,770201.2,24845.2,mixed,Low shift + regional drift,0.25,0.02,0.02,0.06,0.05,0.01,1.8,0.7,0.6007249494395273,1.0000930875359524,Asymmetric IPW,3.0,-0.0008890630881033257
low_shift,early,0,R6_no_retrain,0.5992116237003934,0.002710346282401143,0.5858500151888523,5,783376.2,25270.2,,Low shift + regional drift,0.25,0.02,0.02,0.06,0.05,0.01,1.8,0.7,0.6007249494395273,0.997480834214484,no retraining,6.0,-0.002458308832565592
low_shift,early,0,R7_incremental,0.5993784043884494,0.0028133667919166953,0.5857862439066464,5,117756.6,3798.6,,Low shift + regional drift,0.25,0.02,0.02,0.06,0.05,0.01,1.8,0.7,0.6007249494395273,0.9977584665788657,incremental,5.0,-0.0022915281445096136
low_shift,late,0,R0_benchmark,0.597055934813264,0.006758242490315104,0.5977529005305706,5,780716.4,25184.4,,Low shift + regional drift,0.25,0.02,0.02,0.06,0.05,0.01,1.8,0.7,0.597055934813264,1.0,uncensored benchmark,,
low_shift,late,0,R1_holdout_only,0.5619172366059777,0.006602679716800076,0.552583511445792,5,38638.4,1246.4,,Low shift + regional drift,0.25,0.02,0.02,0.06,0.05,0.01,1.8,0.7,0.597055934813264,0.9411467231821816,holdout only,6.0,-0.03409002639004444
low_shift,late,0,R2_unflagged_only,0.5960072629960221,0.00699745677716878,0.5913968997595516,5,692726.0,22346.0,,Low shift + regional drift,0.25,0.02,0.02,0.06,0.05,0.01,1.8,0.7,0.597055934813264,0.9982435953549815,no holdout,1.0,0.0
low_shift,late,0,R3_drop_unweighted,0.5957504372270173,0.006753197603820786,0.5927538430991073,5,696979.2,22483.2,,Low shift + regional drift,0.25,0.02,0.02,0.06,0.05,0.01,1.8,0.7,0.597055934813264,0.9978134417394996,dropping,2.0,-0.00025682576900487586
low_shift,late,0,R4_ipw_pure,0.5891416984476259,0.006771339974906548,0.5889589715749148,5,696979.2,22483.2,,Low shift + regional drift,0.25,0.02,0.02,0.06,0.05,0.01,1.8,0.7,0.597055934813264,0.986744564614179,IPW,4.0,-0.0068655645483962635
low_shift,late,0,R5_asymmetric,0.5957504372270173,0.006753197603820786,0.5927538430991073,5,696979.2,22483.2,R3_drop_unweighted,Low shift + regional drift,0.25,0.02,0.02,0.06,0.05,0.01,1.8,0.7,0.597055934813264,0.9978134417394996,Asymmetric IPW,2.0,-0.00025682576900487586
low_shift,late,0,R6_no_retrain,0.5153761192442881,0.004280199306179819,0.5216526203660415,5,781882.0,25222.0,,Low shift + regional drift,0.25,0.02,0.02,0.06,0.05,0.01,1.8,0.7,0.597055934813264,0.8631957061200267,no retraining,7.0,-0.08063114375173408
low_shift,late,0,R7_incremental,0.5810864709836272,0.012575622930640577,0.584346639480329,5,696979.2,22483.2,,Low shift + regional drift,0.25,0.02,0.02,0.06,0.05,0.01,1.8,0.7,0.597055934813264,0.9732529853595183,incremental,5.0,-0.014920792012394934
no_shift,early,0,R0_benchmark,0.6003442592216822,0.0027678334336791095,0.6071462202434433,5,784262.8,25298.8,,No regional shift,0.0,0.02,0.0,0.06,0.05,0.01,1.8,0.7,0.6003442592216822,1.0,uncensored benchmark,,
no_shift,early,0,R1_holdout_only,0.5656766223543228,0.0027206563456685868,0.5568841815080635,5,39134.4,1262.4,,No regional shift,0.0,0.02,0.0,0.06,0.05,0.01,1.8,0.7,0.6003442592216822,0.9422537380264044,holdout only,7.0,-0.03516044907498439
no_shift,early,0,R2_unflagged_only,0.6005109061126311,0.0038626351641365833,0.5858089771217253,5,770157.8,24843.8,,No regional shift,0.0,0.02,0.0,0.06,0.05,0.01,1.8,0.7,0.6003442592216822,1.000277585549273,no holdout,3.0,-0.00032616531667606363
no_shift,early,0,R3_drop_unweighted,0.6006663264079501,0.0020039347621618373,0.5905561411827612,5,770945.2,24869.2,,No regional shift,0.0,0.02,0.0,0.06,0.05,0.01,1.8,0.7,0.6003442592216822,1.0005364708353928,dropping,2.0,-0.00017074502135705494
no_shift,early,0,R4_ipw_pure,0.6008370714293072,0.0030439905426889007,0.5848543446096739,5,770945.2,24869.2,,No regional shift,0.0,0.02,0.0,0.06,0.05,0.01,1.8,0.7,0.6003442592216822,1.0008208826853178,IPW,1.0,0.0
no_shift,early,0,R5_asymmetric,0.6003320679826325,0.002114899642172722,0.5881955135912117,5,770945.2,24869.2,mixed,No regional shift,0.0,0.02,0.0,0.06,0.05,0.01,1.8,0.7,0.6003442592216822,0.9999796929197499,Asymmetric IPW,4.0,-0.0005050034466747011
no_shift,early,0,R6_no_retrain,0.5978975808370467,0.0018861681243168681,0.5858608282035173,5,783177.8,25263.8,,No regional shift,0.0,0.02,0.0,0.06,0.05,0.01,1.8,0.7,0.6003442592216822,0.9959245410494846,no retraining,6.0,-0.0029394905922605075
no_shift,early,0,R7_incremental,0.598024986878624,0.0018613092772637554,0.586203049746647,5,119170.2,3844.2,,No regional shift,0.0,0.02,0.0,0.06,0.05,0.01,1.8,0.7,0.6003442592216822,0.9961367626866875,incremental,5.0,-0.002812084550683158
no_shift,late,0,R0_benchmark,0.596674665192047,0.006856520497486726,0.5999871628268896,5,781243.4,25201.4,,No regional shift,0.0,0.02,0.0,0.06,0.05,0.01,1.8,0.7,0.596674665192047,1.0,uncensored benchmark,,
no_shift,late,0,R1_holdout_only,0.5614932734795897,0.005613865794775819,0.5589472391993492,5,38601.2,1245.2,,No regional shift,0.0,0.02,0.0,0.06,0.05,0.01,1.8,0.7,0.596674665192047,0.9410375640783512,holdout only,6.0,-0.0348273131552973
no_shift,late,0,R2_unflagged_only,0.596320586634887,0.006368875925895843,0.5925119879132904,5,698281.2,22525.2,,No regional shift,0.0,0.02,0.0,0.06,0.05,0.01,1.8,0.7,0.596674665192047,0.9994065802055696,no holdout,1.0,0.0
no_shift,late,0,R3_drop_unweighted,0.5959167962928836,0.007818084409845263,0.5951681469003782,5,702280.2,22654.2,,No regional shift,0.0,0.02,0.0,0.06,0.05,0.01,1.8,0.7,0.596674665192047,0.9987298456874828,dropping,2.0,-0.00040379034200332953
no_shift,late,0,R4_ipw_pure,0.5899866481303633,0.006400930814315215,0.5888921422028848,5,702280.2,22654.2,,No regional shift,0.0,0.02,0.0,0.06,0.05,0.01,1.8,0.7,0.596674665192047,0.9887911831156244,IPW,4.0,-0.006333938504523684
no_shift,late,0,R5_asymmetric,0.5959167962928836,0.007818084409845263,0.5951681469003782,5,702280.2,22654.2,R3_drop_unweighted,No regional shift,0.0,0.02,0.0,0.06,0.05,0.01,1.8,0.7,0.596674665192047,0.9987298456874828,Asymmetric IPW,2.0,-0.00040379034200332953
no_shift,late,0,R6_no_retrain,0.5149298532308954,0.003363336043796231,0.5179712660918745,5,782613.6,25245.6,,No regional shift,0.0,0.02,0.0,0.06,0.05,0.01,1.8,0.7,0.596674665192047,0.8629993583943418,no retraining,7.0,-0.08139073340399161
no_shift,late,0,R7_incremental,0.5847371203330641,0.006843842498825657,0.5884031633115057,5,702280.2,22654.2,,No regional shift,0.0,0.02,0.0,0.06,0.05,0.01,1.8,0.7,0.596674665192047,0.9799932097751449,incremental,5.0,-0.011583466301822831
reference,early,0,R0_benchmark,0.726350937719673,0.0065516416891824416,0.7238771877686572,5,785769.4,25347.4,,Reference,1.5,0.02,0.0,0.06,0.05,0.01,1.8,0.7,0.726350937719673,1.0,uncensored benchmark,,
reference,early,0,R1_holdout_only,0.689109731604866,0.00627524893359539,0.6805137294005783,5,39357.6,1269.6,,Reference,1.5,0.02,0.0,0.06,0.05,0.01,1.8,0.7,0.726350937719673,0.948728356802673,holdout only,7.0,-0.03637993389710992
reference,early,0,R2_unflagged_only,0.7254896655019759,0.006726885442665639,0.7170868521266848,5,729262.6,23524.6,,Reference,1.5,0.02,0.0,0.06,0.05,0.01,1.8,0.7,0.726350937719673,0.9988142478064378,no holdout,1.0,0.0
reference,early,0,R3_drop_unweighted,0.7254585869587693,0.006522829963237396,0.7188060640935834,5,732201.4,23619.4,,Reference,1.5,0.02,0.0,0.06,0.05,0.01,1.8,0.7,0.726350937719673,0.9987714605784015,dropping,2.0,-3.107854320660852e-05
reference,early,0,R4_ipw_pure,0.7254245617671683,0.006451548540877826,0.7162204228062475,5,732201.4,23619.4,,Reference,1.5,0.02,0.0,0.06,0.05,0.01,1.8,0.7,0.726350937719673,0.9987246165670096,IPW,4.0,-6.510373480761444e-05
reference,early,0,R5_asymmetric,0.7254555544135487,0.006646624457233499,0.7184367710879684,5,732201.4,23619.4,mixed,Reference,1.5,0.02,0.0,0.06,0.05,0.01,1.8,0.7,0.726350937719673,0.9987672855370225,Asymmetric IPW,3.0,-3.411108842721333e-05
reference,early,0,R6_no_retrain,0.7236046344475857,0.007519917550533627,0.7185325821139912,5,787313.2,25397.2,,Reference,1.5,0.02,0.0,0.06,0.05,0.01,1.8,0.7,0.726350937719673,0.9962190407839094,no retraining,6.0,-0.001885031054390196
reference,early,0,R7_incremental,0.7239156932088071,0.007324652259760042,0.7183272313464512,5,74883.6,2415.6,,Reference,1.5,0.02,0.0,0.06,0.05,0.01,1.8,0.7,0.726350937719673,0.9966472893688124,incremental,5.0,-0.0015739722931688016
reference,late,0,R0_benchmark,0.719894745906102,0.008653820789836907,0.7245642343355634,5,779457.8,25143.8,,Reference,1.5,0.02,0.0,0.06,0.05,0.01,1.8,0.7,0.719894745906102,1.0,uncensored benchmark,,
reference,late,0,R1_holdout_only,0.686401161337826,0.0081187021297285,0.6752624055275632,5,38371.8,1237.8,,Reference,1.5,0.02,0.0,0.06,0.05,0.01,1.8,0.7,0.719894745906102,0.9534743311313948,holdout only,4.0,-0.01231407769054238
reference,late,0,R2_unflagged_only,0.6541539774075232,0.007025513809778732,0.6534136577877564,5,433987.6,13999.6,,Reference,1.5,0.02,0.0,0.06,0.05,0.01,1.8,0.7,0.719894745906102,0.908680027361731,no holdout,7.0,-0.04456126162084517
reference,late,0,R3_drop_unweighted,0.6893847820152365,0.0073744421509402665,0.6895605829190344,5,451192.6,14554.6,,Reference,1.5,0.02,0.0,0.06,0.05,0.01,1.8,0.7,0.719894745906102,0.9576188546112196,dropping,3.0,-0.009330457013131954
reference,late,0,R4_ipw_pure,0.6987152390283684,0.008568822303231702,0.6928114897274067,5,451192.6,14554.6,,Reference,1.5,0.02,0.0,0.06,0.05,0.01,1.8,0.7,0.719894745906102,0.9705797173848298,IPW,1.0,0.0
reference,late,0,R5_asymmetric,0.6987152390283684,0.008568822303231702,0.6928114897274067,5,451192.6,14554.6,R4_ipw_pure,Reference,1.5,0.02,0.0,0.06,0.05,0.01,1.8,0.7,0.719894745906102,0.9705797173848298,Asymmetric IPW,1.0,0.0
reference,late,0,R6_no_retrain,0.6673052503258246,0.008948142855270503,0.6691251673991024,5,783673.8,25279.8,,Reference,1.5,0.02,0.0,0.06,0.05,0.01,1.8,0.7,0.719894745906102,0.926948354770828,no retraining,6.0,-0.031409988702543856
reference,late,0,R7_incremental,0.671394723482228,0.01010181487964021,0.6741174345402693,5,451192.6,14554.6,,Reference,1.5,0.02,0.0,0.06,0.05,0.01,1.8,0.7,0.719894745906102,0.932629009032662,incremental,5.0,-0.027320515546140456
reference_drift,early,0,R0_benchmark,0.7217913673447409,0.007901942168014613,0.7209579474929866,5,785025.4,25323.4,,Reference + regional drift,1.5,0.02,0.02,0.06,0.05,0.01,1.8,0.7,0.7217913673447409,1.0,uncensored benchmark,,
reference_drift,early,0,R1_holdout_only,0.6841361898374039,0.007872902985492359,0.6752595967074618,5,39314.2,1268.2,,Reference + regional drift,1.5,0.02,0.02,0.06,0.05,0.01,1.8,0.7,0.7217913673447409,0.9478309395056089,holdout only,7.0,-0.03712713081134078
reference_drift,early,0,R2_unflagged_only,0.7212633206487447,0.008057877344365276,0.713347301400854,5,728376.0,23496.0,,Reference + regional drift,1.5,0.02,0.02,0.06,0.05,0.01,1.8,0.7,0.7217913673447409,0.9992684219846812,no holdout,1.0,0.0
reference_drift,early,0,R3_drop_unweighted,0.7203105431450112,0.008569803268569763,0.7147872818438737,5,731252.8,23588.8,,Reference + regional drift,1.5,0.02,0.02,0.06,0.05,0.01,1.8,0.7,0.7217913673447409,0.9979484041140901,dropping,4.0,-0.0009527775037334596
reference_drift,early,0,R4_ipw_pure,0.720934623608807,0.008117228201487185,0.7111138763970686,5,731252.8,23588.8,,Reference + regional drift,1.5,0.02,0.02,0.06,0.05,0.01,1.8,0.7,0.7217913673447409,0.9988130313346838,IPW,2.0,-0.0003286970399376532
reference_drift,early,0,R5_asymmetric,0.7204813399963167,0.008741879261269818,0.7141444228522598,5,731252.8,23588.8,mixed,Reference + regional drift,1.5,0.02,0.02,0.06,0.05,0.01,1.8,0.7,0.7217913673447409,0.9981850332274775,Asymmetric IPW,3.0,-0.0007819806524279604
reference_drift,early,0,R6_no_retrain,0.7199158903689099,0.008802088621569278,0.7165020205665675,5,786656.0,25376.0,,Reference + regional drift,1.5,0.02,0.02,0.06,0.05,0.01,1.8,0.7,0.7217913673447409,0.9974016356239749,no retraining,6.0,-0.0013474302798347493
reference_drift,early,0,R7_incremental,0.7201917565234454,0.009157448267124396,0.7162809084317412,5,74592.2,2406.2,,Reference + regional drift,1.5,0.02,0.02,0.06,0.05,0.01,1.8,0.7,0.7217913673447409,0.9977838321519693,incremental,5.0,-0.0010715641252992958
reference_drift,late,0,R0_benchmark,0.7094414722792018,0.00458520082728187,0.7152265191256961,5,780387.8,25173.8,,Reference + regional drift,1.5,0.02,0.02,0.06,0.05,0.01,1.8,0.7,0.7094414722792018,1.0,uncensored benchmark,,
reference_drift,late,0,R1_holdout_only,0.6714320770690817,0.0028571547120667443,0.670586714000988,5,38254.0,1234.0,,Reference + regional drift,1.5,0.02,0.02,0.06,0.05,0.01,1.8,0.7,0.7094414722792018,0.9464234941213565,holdout only,4.0,-0.011885012463270561
reference_drift,late,0,R2_unflagged_only,0.6401291098727899,0.003770860853531622,0.6500449692598856,5,443095.4,14293.4,,Reference + regional drift,1.5,0.02,0.02,0.06,0.05,0.01,1.8,0.7,0.7094414722792018,0.9023000978731422,no holdout,6.0,-0.04318797965956234
reference_drift,late,0,R3_drop_unweighted,0.6749240137264529,0.0030998297471709823,0.6842935560383657,5,459469.6,14821.6,,Reference + regional drift,1.5,0.02,0.02,0.06,0.05,0.01,1.8,0.7,0.7094414722792018,0.9513455867728515,dropping,3.0,-0.00839307580589932
reference_drift,late,0,R4_ipw_pure,0.6833170895323523,0.005525999801462673,0.6923256831188406,5,459469.6,14821.6,,Reference + regional drift,1.5,0.02,0.02,0.06,0.05,0.01,1.8,0.7,0.7094414722792018,0.9631761269003339,IPW,1.0,0.0
reference_drift,late,0,R5_asymmetric,0.6833170895323523,0.005525999801462673,0.6923256831188406,5,459469.6,14821.6,R4_ipw_pure,Reference + regional drift,1.5,0.02,0.02,0.06,0.05,0.01,1.8,0.7,0.7094414722792018,0.9631761269003339,Asymmetric IPW,1.0,0.0
reference_drift,late,0,R6_no_retrain,0.6391364203968453,0.005835648948832343,0.6527019275512909,5,782979.4,25257.4,,Reference + regional drift,1.5,0.02,0.02,0.06,0.05,0.01,1.8,0.7,0.7094414722792018,0.9009008429455222,no retraining,7.0,-0.044180669135507
reference_drift,late,0,R7_incremental,0.6428103046922626,0.007312203266016993,0.6565800029216108,5,459469.6,14821.6,,Reference + regional drift,1.5,0.02,0.02,0.06,0.05,0.01,1.8,0.7,0.7094414722792018,0.9060794016272051,incremental,5.0,-0.04050678484008963
